국가명,국가등급,등급평가일자
러시아,7,2026-02-06
레바논,7,2026-02-06
루마니아,3,2026-02-06
리비아,7,2026-02-06
모로코,3,2026-02-06
몬테네그로,6,2026-02-06
몰도바,6,2026-02-06
바레인,6,2026-02-06
벨라루스,7,2026-02-06
보스니아-헤르체코비나,6,2026-02-06
북마케도니아,5,2026-02-06
불가리아,2,2026-02-06
사우디아라비아,2,2026-02-06
세르비아,4,2026-02-06
시리아,7,2026-02-06
아랍에미리트 연합,2,2026-02-06
아르메니아,5,2026-02-06
아제르바이잔,4,2026-02-06
알바니아,4,2026-02-06
알제리,5,2026-02-06
예멘,7,2026-02-06
오만,3,2026-02-06
요르단,5,2026-02-06
우즈베키스탄,5,2026-02-06
우크라이나,7,2026-02-06
이라크,7,2026-02-06
이란,7,2026-02-06
이집트,6,2026-02-06
조지아,5,2026-02-06
카자흐스탄,5,2026-02-06
카타르,2,2026-02-06
코소보,6,2026-02-06
쿠웨이트,2,2026-02-06
키르기즈공화국,7,2026-02-06
타지키스탄,7,2026-02-06
투르크메니스탄,7,2026-02-06
튀니지,7,2026-02-06
튀르키예(구 터키),5,2026-02-06
팔레스타인,7,2026-02-06
과달루프,3,2025-12-30
괌,3,2025-12-30
그리스,4,2025-12-30
그린랜드,3,2025-12-30
나바사섬,7,2025-12-30
남조지아.남샌드위치군도,7,2025-12-30
네덜란드,1,2025-12-30
노르웨이,1,2025-12-30
노르웨이속령,7,2025-12-30
노포크 아일랜드,7,2025-12-30
뉴질랜드,1,2025-12-30
뉴칼레도니아,4,2025-12-30
니우에,5,2025-12-30
대한민국,1,2025-12-30
덴마크,1,2025-12-30
독일,1,2025-12-30
라트비아,2,2025-12-30
레위니옹,4,2025-12-30
로스속령,7,2025-12-30
룩셈부르크,1,2025-12-30
리투아니아,2,2025-12-30
마요뜨,5,2025-12-30
말티니크,3,2025-12-30
맨섬,3,2025-12-30
멜리야,4,2025-12-30
몬트세라트,7,2025-12-30
미국,1,2025-12-30
미국령 버진군도,3,2025-12-30
미드웨이섬,7,2025-12-30
버뮤다,2,2025-12-30
베이커홀랜드섬,7,2025-12-30
벨기에,1,2025-12-30
북마리아나 군도,3,2025-12-30
사모아,5,2025-12-30
사이프러스,4,2025-12-30
세우타,4,2025-12-30
세인트 피에르 미켈론,4,2025-12-30
세인트헬레나,5,2025-12-30
스발바르,7,2025-12-30
스웨덴,1,2025-12-30
스위스,1,2025-12-30
스페인,2,2025-12-30
슬로바키아,2,2025-12-30
슬로베니아,2,2025-12-30
아쉬모아 카르티어 아일랜드,7,2025-12-30
아이슬란드,2,2025-12-30
아일랜드,1,2025-12-30
알랜드아일랜드,4,2025-12-30
앵귈라,4,2025-12-30
얀마옌,7,2025-12-30
에스토니아,2,2025-12-30
영국,1,2025-12-30
영국남극속령,7,2025-12-30
영국령 버진군도,3,2025-12-30
영국령 인도양지역,7,2025-12-30
오스트리아,1,2025-12-30
월리스푸투나제도,5,2025-12-30
웨이크아일랜드,7,2025-12-30
이스라엘,3,2025-12-30
이탈리아,2,2025-12-30
일본,1,2025-12-30
자비스섬,7,2025-12-30
존스톤 아일랜드,7,2025-12-30
지브랄타,3,2025-12-30
차넬군도(건지),3,2025-12-30
차넬군도(저지),2,2025-12-30
체코,1,2025-12-30
칠레,2,2025-12-30
캐나다,1,2025-12-30
케이만군도,3,2025-12-30
코랄섬,7,2025-12-30
코코스 군도,7,2025-12-30
쿡제도,4,2025-12-30
크리스마스섬,7,2025-12-30
킹맨리프,7,2025-12-30
터크스 카이코스군도,2,2025-12-30
토켈라우,3,2025-12-30
팔미라,7,2025-12-30
페로군도,3,2025-12-30
포르투갈,2,2025-12-30
포클랜드군도,4,2025-12-30
폴란드,2,2025-12-30
푸에르토리코,5,2025-12-30
프랑스,1,2025-12-30
프랑스령 극남군도,7,2025-12-30
프랑스령 기아나,4,2025-12-30
프랑스령 폴리네시아,2,2025-12-30
피트케안군도,7,2025-12-30
핀란드,1,2025-12-30
헝가리,3,2025-12-30
호주,1,2025-12-30
호주남극속령,7,2025-12-30
가나,7,2025-10-17
가봉,7,2025-10-17
가이아나,5,2025-10-17
감비아,7,2025-10-17
과테말라,4,2025-10-17
기니,7,2025-10-17
기니비사우,7,2025-10-17
나이지리아,6,2025-10-17
니제르,7,2025-10-17
니카라과,7,2025-10-17
도미니카공화국,4,2025-10-17
라이베리아,7,2025-10-17
말리,7,2025-10-17
멕시코,3,2025-10-17
모리타니아,6,2025-10-17
바하마,4,2025-10-17
베네수엘라,7,2025-10-17
베넹,6,2025-10-17
볼리비아,7,2025-10-17
부르키나파소,7,2025-10-17
브라질,4,2025-10-17
세네갈,7,2025-10-17
수리남,7,2025-10-17
시에라리온,7,2025-10-17
아루바,4,2025-10-17
아르헨티나,7,2025-10-17
아이티,7,2025-10-17
앤티가 바부다,7,2025-10-17
에콰도르,6,2025-10-17
엘살바도르,6,2025-10-17
온두라스,5,2025-10-17
우루과이,3,2025-10-17
자메이카,5,2025-10-17
적도기니,7,2025-10-17
중앙아프리카공화국,7,2025-10-17
차드,7,2025-10-17
카메룬,6,2025-10-17
카보베르데,5,2025-10-17
코스타리카,3,2025-10-17
코트디부아르,5,2025-10-17
콜롬비아,4,2025-10-17
콩고,7,2025-10-17
콩고민주공화국,7,2025-10-17
쿠바,7,2025-10-17
퀴라소,5,2025-10-17
토고,6,2025-10-17
트리니다드토바고,3,2025-10-17
파나마,4,2025-10-17
파라과이,4,2025-10-17
페루,3,2025-10-17
나미비아,6,2025-07-03
남수단,7,2025-07-03
남아프리카공화국,4,2025-07-03
네팔,6,2025-07-03
대만,2,2025-07-03
동티모르,6,2025-07-03
라오스,7,2025-07-03
레소토,6,2025-07-03
르완다,6,2025-07-03
마다가스카르,7,2025-07-03
말라위,7,2025-07-03
말레이시아,2,2025-07-03
모리셔스,3,2025-07-03
모잠비크,7,2025-07-03
몰디브,7,2025-07-03
몽골,6,2025-07-03
미얀마,7,2025-07-03
방글라데시,6,2025-07-03
베트남,4,2025-07-03
보츠와나,3,2025-07-03
부룬디,7,2025-07-03
부탄,6,2025-07-03
북한,7,2025-07-03
소말리아,7,2025-07-03
수단,7,2025-07-03
스리랑카,7,2025-07-03
싱가포르,1,2025-07-03
아프가니스탄,7,2025-07-03
앙골라,6,2025-07-03
에리트리아,7,2025-07-03
에스와티니,6,2025-07-03
에티오피아,7,2025-07-03
우간다,6,2025-07-03
인도,3,2025-07-03
인도네시아,3,2025-07-03
잠비아,7,2025-07-03
중국,2,2025-07-03
지부티,7,2025-07-03
짐바브웨,7,2025-07-03
캄보디아,6,2025-07-03
케냐,7,2025-07-03
탄자니아,6,2025-07-03
태국,3,2025-07-03
파키스탄,7,2025-07-03
파푸아뉴기니,6,2025-07-03
피지,5,2025-07-03
필리핀,3,2025-07-03
홍콩,2,2025-07-03
러시아,7,2025-02-06
레바논,7,2025-02-06
루마니아,3,2025-02-06
리비아,7,2025-02-06
모로코,3,2025-02-06
몬테네그로,6,2025-02-06
몰도바,7,2025-02-06
바레인,6,2025-02-06
벨라루스,7,2025-02-06
보스니아-헤르체코비나,6,2025-02-06
북마케도니아,5,2025-02-06
불가리아,2,2025-02-06
사우디아라비아,2,2025-02-06
세르비아,4,2025-02-06
시리아,7,2025-02-06
아랍에미리트 연합,2,2025-02-06
아르메니아,6,2025-02-06
아제르바이잔,4,2025-02-06
알바니아,4,2025-02-06
알제리,5,2025-02-06
예멘,7,2025-02-06
오만,4,2025-02-06
요르단,5,2025-02-06
우즈베키스탄,5,2025-02-06
우크라이나,7,2025-02-06
이라크,7,2025-02-06
이란,7,2025-02-06
이집트,6,2025-02-06
조지아,5,2025-02-06
카자흐스탄,5,2025-02-06
카타르,2,2025-02-06
코소보,6,2025-02-06
쿠웨이트,2,2025-02-06
키르기즈공화국,7,2025-02-06
타지키스탄,7,2025-02-06
투르크메니스탄,7,2025-02-06
튀니지,7,2025-02-06
튀르키예(구 터키),5,2025-02-06
팔레스타인,7,2025-02-06
그레나다,5,2024-11-21
그리스,5,2024-11-21
나우루,3,2024-11-21
네덜란드,1,2024-11-21
노르웨이,1,2024-11-21
뉴질랜드,1,2024-11-21
대한민국,1,2024-11-21
덴마크,1,2024-11-21
도미니카 연방,5,2024-11-21
독일,1,2024-11-21
라트비아,3,2024-11-21
룩셈부르크,1,2024-11-21
리투아니아,2,2024-11-21
리히텐슈타인,1,2024-11-21
마샬군도,5,2024-11-21
마카오,2,2024-11-21
모나코,2,2024-11-21
미국,1,2024-11-21
미국령 사모아,5,2024-11-21
미크로네시아,6,2024-11-21
바누아투,6,2024-11-21
바베이도스,6,2024-11-21
바티칸,2,2024-11-21
벨기에,1,2024-11-21
브루나이,3,2024-11-21
산 마리노,4,2024-11-21
상투메프린시페,6,2024-11-21
세인트 루시아,4,2024-11-21
세인트 빈센트 그레나딘,6,2024-11-21
세인트 키츠 네비스,3,2024-11-21
솔로몬제도,7,2024-11-21
스웨덴,1,2024-11-21
스위스,1,2024-11-21
스페인,2,2024-11-21
슬로바키아,2,2024-11-21
슬로베니아,2,2024-11-21
아이슬란드,2,2024-11-21
아일랜드,1,2024-11-21
안도라,3,2024-11-21
에스토니아,2,2024-11-21
영국,1,2024-11-21
오스트리아,1,2024-11-21
이스라엘,3,2024-11-21
이탈리아,2,2024-11-21
일본,1,2024-11-21
체코,1,2024-11-21
칠레,2,2024-11-21
캐나다,1,2024-11-21
코모로,6,2024-11-21
키리바시,6,2024-11-21
통가,5,2024-11-21
투발루,5,2024-11-21
팔라우,3,2024-11-21
포르투갈,2,2024-11-21
폴란드,2,2024-11-21
프랑스,1,2024-11-21
핀란드,1,2024-11-21
허드섬,7,2024-11-21
헝가리,3,2024-11-21
호주,1,2024-11-21
가나,7,2024-10-17
가봉,7,2024-10-17
가이아나,5,2024-10-17
감비아,7,2024-10-17
과테말라,4,2024-10-17
기니,7,2024-10-17
기니비사우,7,2024-10-17
나이지리아,6,2024-10-17
니제르,7,2024-10-17
니카라과,7,2024-10-17
도미니카공화국,4,2024-10-17
라이베리아,7,2024-10-17
말리,7,2024-10-17
멕시코,3,2024-10-17
모리타니아,7,2024-10-17
바하마,4,2024-10-17
베네수엘라,7,2024-10-17
베넹,6,2024-10-17
볼리비아,7,2024-10-17
부르키나파소,7,2024-10-17
브라질,4,2024-10-17
세네갈,5,2024-10-17
수리남,7,2024-10-17
시에라리온,7,2024-10-17
아루바,4,2024-10-17
아르헨티나,7,2024-10-17
아이티,7,2024-10-17
앤티가 바부다,7,2024-10-17
에콰도르,6,2024-10-17
엘살바도르,7,2024-10-17
온두라스,5,2024-10-17
우루과이,3,2024-10-17
자메이카,5,2024-10-17
적도기니,7,2024-10-17
중앙아프리카공화국,7,2024-10-17
차드,7,2024-10-17
카메룬,6,2024-10-17
카보베르데,5,2024-10-17
코스타리카,3,2024-10-17
코트디부아르,5,2024-10-17
콜롬비아,4,2024-10-17
콩고,7,2024-10-17
콩고민주공화국,7,2024-10-17
쿠바,7,2024-10-17
퀴라소,5,2024-10-17
토고,6,2024-10-17
트리니다드토바고,3,2024-10-17
파나마,4,2024-10-17
파라과이,4,2024-10-17
페루,3,2024-10-17
나미비아,6,2024-07-12
남수단,7,2024-07-12
남아프리카공화국,4,2024-07-12
네팔,6,2024-07-12
대만,2,2024-07-12
동티모르,6,2024-07-12
라오스,7,2024-07-12
레소토,6,2024-07-12
르완다,6,2024-07-12
마다가스카르,7,2024-07-12
말라위,7,2024-07-12
말레이시아,2,2024-07-12
모리셔스,3,2024-07-12
모잠비크,7,2024-07-12
몰디브,7,2024-07-12
몽골,7,2024-07-12
미얀마,7,2024-07-12
방글라데시,5,2024-07-12
베트남,4,2024-07-12
보츠와나,3,2024-07-12
부룬디,7,2024-07-12
부탄,6,2024-07-12
북한,7,2024-07-12
소말리아,7,2024-07-12
수단,7,2024-07-12
스리랑카,7,2024-07-12
싱가포르,1,2024-07-12
아프가니스탄,7,2024-07-12
앙골라,6,2024-07-12
에리트리아,7,2024-07-12
에스와티니,6,2024-07-12
에티오피아,7,2024-07-12
우간다,6,2024-07-12
인도,3,2024-07-12
인도네시아,3,2024-07-12
잠비아,7,2024-07-12
중국,2,2024-07-12
지부티,7,2024-07-12
짐바브웨,7,2024-07-12
캄보디아,6,2024-07-12
케냐,7,2024-07-12
탄자니아,6,2024-07-12
태국,3,2024-07-12
파키스탄,7,2024-07-12
파푸아뉴기니,6,2024-07-12
피지,5,2024-07-12
필리핀,3,2024-07-12
홍콩,2,2024-07-12
러시아,7,2024-02-08
레바논,7,2024-02-08
루마니아,3,2024-02-08
리비아,7,2024-02-08
모로코,3,2024-02-08
몬테네그로,6,2024-02-08
몰도바,7,2024-02-08
바레인,6,2024-02-08
벨라루스,7,2024-02-08
보스니아-헤르체코비나,6,2024-02-08
북마케도니아,5,2024-02-08
불가리아,3,2024-02-08
사우디아라비아,2,2024-02-08
세르비아,4,2024-02-08
시리아,7,2024-02-08
아랍에미리트 연합,2,2024-02-08
아르메니아,6,2024-02-08
아제르바이잔,4,2024-02-08
알바니아,5,2024-02-08
알제리,5,2024-02-08
예멘,7,2024-02-08
오만,4,2024-02-08
요르단,5,2024-02-08
우즈베키스탄,5,2024-02-08
우크라이나,7,2024-02-08
이라크,7,2024-02-08
이란,7,2024-02-08
이집트,6,2024-02-08
조지아,5,2024-02-08
카자흐스탄,5,2024-02-08
카타르,2,2024-02-08
코소보,6,2024-02-08
쿠웨이트,2,2024-02-08
키르기즈공화국,7,2024-02-08
타지키스탄,7,2024-02-08
투르크메니스탄,7,2024-02-08
튀니지,7,2024-02-08
튀르키예(구 터키),5,2024-02-08
팔레스타인,7,2024-02-08
가나,7,2023-10-19
가봉,7,2023-10-19
가이아나,5,2023-10-19
감비아,7,2023-10-19
과테말라,4,2023-10-19
기니,7,2023-10-19
기니비사우,7,2023-10-19
나이지리아,6,2023-10-19
니제르,7,2023-10-19
니카라과,7,2023-10-19
도미니카공화국,4,2023-10-19
라이베리아,7,2023-10-19
말리,7,2023-10-19
멕시코,3,2023-10-19
모리타니아,7,2023-10-19
바하마,4,2023-10-19
베네수엘라,7,2023-10-19
베넹,6,2023-10-19
볼리비아,7,2023-10-19
부르키나파소,7,2023-10-19
브라질,4,2023-10-19
세네갈,5,2023-10-19
수리남,7,2023-10-19
시에라리온,7,2023-10-19
아루바,5,2023-10-19
아르헨티나,7,2023-10-19
아이티,7,2023-10-19
앤티가 바부다,7,2023-10-19
에콰도르,6,2023-10-19
엘살바도르,7,2023-10-19
온두라스,5,2023-10-19
우루과이,3,2023-10-19
자메이카,6,2023-10-19
적도기니,7,2023-10-19
중앙아프리카공화국,7,2023-10-19
차드,7,2023-10-19
카메룬,6,2023-10-19
카보베르데,6,2023-10-19
코스타리카,4,2023-10-19
코트디부아르,5,2023-10-19
콜롬비아,4,2023-10-19
콩고,7,2023-10-19
콩고민주공화국,7,2023-10-19
쿠바,7,2023-10-19
퀴라소,5,2023-10-19
토고,6,2023-10-19
트리니다드토바고,3,2023-10-19
파나마,4,2023-10-19
파라과이,5,2023-10-19
페루,3,2023-10-19
네덜란드,1,2023-10-06
노르웨이,1,2023-10-06
뉴질랜드,1,2023-10-06
대한민국,1,2023-10-06
덴마크,1,2023-10-06
독일,1,2023-10-06
룩셈부르크,1,2023-10-06
몰타,2,2023-10-06
미국,1,2023-10-06
벨기에,1,2023-10-06
벨리즈,7,2023-10-06
세이셸,5,2023-10-06
스웨덴,1,2023-10-06
스위스,1,2023-10-06
스페인,2,2023-10-06
슬로바키아,2,2023-10-06
슬로베니아,2,2023-10-06
아이슬란드,2,2023-10-06
아일랜드,1,2023-10-06
에스토니아,2,2023-10-06
영국,1,2023-10-06
오스트리아,1,2023-10-06
이스라엘,2,2023-10-06
이탈리아,2,2023-10-06
일본,1,2023-10-06
체코,1,2023-10-06
캐나다,1,2023-10-06
포르투갈,3,2023-10-06
폴란드,2,2023-10-06
프랑스,1,2023-10-06
핀란드,1,2023-10-06
호주,1,2023-10-06
나미비아,6,2023-06-30
남수단,7,2023-06-30
남아프리카공화국,4,2023-06-30
네팔,6,2023-06-30
대만,2,2023-06-30
동티모르,6,2023-06-30
라오스,7,2023-06-30
레소토,6,2023-06-30
르완다,6,2023-06-30
마다가스카르,7,2023-06-30
말라위,7,2023-06-30
말레이시아,2,2023-06-30
모리셔스,3,2023-06-30
모잠비크,7,2023-06-30
몰디브,7,2023-06-30
몽골,7,2023-06-30
미얀마,7,2023-06-30
방글라데시,5,2023-06-30
베트남,4,2023-06-30
보츠와나,3,2023-06-30
부룬디,7,2023-06-30
부탄,6,2023-06-30
북한,7,2023-06-30
소말리아,7,2023-06-30
수단,7,2023-06-30
스리랑카,7,2023-06-30
싱가포르,1,2023-06-30
아프가니스탄,7,2023-06-30
앙골라,6,2023-06-30
에리트리아,7,2023-06-30
에스와티니,6,2023-06-30
에티오피아,7,2023-06-30
우간다,6,2023-06-30
인도,3,2023-06-30
인도네시아,3,2023-06-30
잠비아,7,2023-06-30
중국,2,2023-06-30
지부티,7,2023-06-30
짐바브웨,7,2023-06-30
캄보디아,6,2023-06-30
케냐,7,2023-06-30
탄자니아,6,2023-06-30
태국,3,2023-06-30
파키스탄,7,2023-06-30
파푸아뉴기니,6,2023-06-30
피지,5,2023-06-30
필리핀,3,2023-06-30
홍콩,2,2023-06-30
러시아,7,2023-02-03
레바논,7,2023-02-03
루마니아,3,2023-02-03
리비아,7,2023-02-03
모로코,3,2023-02-03
몬테네그로,7,2023-02-03
몰도바,7,2023-02-03
바레인,6,2023-02-03
벨라루스,7,2023-02-03
보스니아-헤르체코비나,6,2023-02-03
북마케도니아,5,2023-02-03
불가리아,3,2023-02-03
사우디아라비아,2,2023-02-03
세르비아,4,2023-02-03
시리아,7,2023-02-03
아랍에미리트 연합,2,2023-02-03
아르메니아,6,2023-02-03
아제르바이잔,4,2023-02-03
알바니아,5,2023-02-03
알제리,5,2023-02-03
예멘,7,2023-02-03
오만,5,2023-02-03
요르단,5,2023-02-03
우즈베키스탄,5,2023-02-03
우크라이나,7,2023-02-03
이라크,7,2023-02-03
이란,7,2023-02-03
이집트,6,2023-02-03
조지아,6,2023-02-03
카자흐스탄,5,2023-02-03
카타르,3,2023-02-03
코소보,6,2023-02-03
쿠웨이트,2,2023-02-03
크로아티아,3,2023-02-03
키르기즈공화국,7,2023-02-03
타지키스탄,7,2023-02-03
투르크메니스탄,7,2023-02-03
튀니지,7,2023-02-03
튀르키예(구 터키),5,2023-02-03
팔레스타인,7,2023-02-03
가나,7,2022-10-28
가봉,6,2022-10-28
가이아나,5,2022-10-28
감비아,7,2022-10-28
과테말라,4,2022-10-28
기니,7,2022-10-28
기니비사우,7,2022-10-28
나이지리아,6,2022-10-28
니제르,7,2022-10-28
니카라과,7,2022-10-28
도미니카공화국,4,2022-10-28
라이베리아,7,2022-10-28
말리,7,2022-10-28
멕시코,3,2022-10-28
모리타니아,7,2022-10-28
바하마,4,2022-10-28
베네수엘라,7,2022-10-28
베넹,6,2022-10-28
볼리비아,6,2022-10-28
부르키나파소,7,2022-10-28
브라질,5,2022-10-28
세네갈,5,2022-10-28
수리남,7,2022-10-28
시에라리온,7,2022-10-28
아루바,5,2022-10-28
아르헨티나,7,2022-10-28
아이티,7,2022-10-28
앤티가 바부다,7,2022-10-28
에콰도르,6,2022-10-28
엘살바도르,7,2022-10-28
온두라스,5,2022-10-28
우루과이,3,2022-10-28
자메이카,6,2022-10-28
적도기니,7,2022-10-28
중앙아프리카공화국,7,2022-10-28
차드,7,2022-10-28
카메룬,6,2022-10-28
카보베르데,6,2022-10-28
코스타리카,4,2022-10-28
코트디부아르,5,2022-10-28
콜롬비아,4,2022-10-28
콩고,7,2022-10-28
콩고민주공화국,7,2022-10-28
쿠바,7,2022-10-28
퀴라소,5,2022-10-28
토고,6,2022-10-28
트리니다드토바고,3,2022-10-28
파나마,4,2022-10-28
파라과이,5,2022-10-28
페루,3,2022-10-28
과달루프,3,2022-08-31
괌,3,2022-08-31
그리스,5,2022-08-31
그린랜드,3,2022-08-31
나바사섬,7,2022-08-31
남조지아.남샌드위치군도,7,2022-08-31
노르웨이속령,7,2022-08-31
노포크 아일랜드,7,2022-08-31
뉴칼레도니아,4,2022-08-31
니우에,5,2022-08-31
레위니옹,4,2022-08-31
로스속령,7,2022-08-31
마요뜨,5,2022-08-31
말티니크,3,2022-08-31
맨섬,3,2022-08-31
멜리야,4,2022-08-31
몬트세라트,7,2022-08-31
미국령 버진군도,3,2022-08-31
미드웨이섬,7,2022-08-31
버뮤다,2,2022-08-31
베이커홀랜드섬,7,2022-08-31
북마리아나 군도,3,2022-08-31
사모아,6,2022-08-31
사이프러스,5,2022-08-31
세우타,4,2022-08-31
세인트 피에르 미켈론,4,2022-08-31
세인트헬레나,5,2022-08-31
스발바드,7,2022-08-31
아쉬모아 카르티어 아일랜드,7,2022-08-31
알랜드아일랜드,4,2022-08-31
앵귈라,4,2022-08-31
영국남극속령,7,2022-08-31
영국령 버진군도,3,2022-08-31
영국령 인도양지역,7,2022-08-31
월리스푸투나제도,5,2022-08-31
웨이크아일랜드,7,2022-08-31
자비스섬,7,2022-08-31
잔메이엔,7,2022-08-31
존스톤 아일랜드,7,2022-08-31
지브랄타,3,2022-08-31
차넬군도(건지),3,2022-08-31
차넬군도(저지),2,2022-08-31
칠레,2,2022-08-31
케이만군도,3,2022-08-31
코랄섬,7,2022-08-31
코코스 군도,7,2022-08-31
쿡제도,4,2022-08-31
크리스마스섬,7,2022-08-31
킹맨리프,7,2022-08-31
터크스 카이코스군도,3,2022-08-31
토켈라우,3,2022-08-31
팔미라,7,2022-08-31
페로군도,3,2022-08-31
포클랜드군도,4,2022-08-31
푸에르토리코,6,2022-08-31
프랑스령 극남군도,7,2022-08-31
프랑스령 기아나,4,2022-08-31
프랑스령 폴리네시아,3,2022-08-31
피트케안군도,7,2022-08-31
헝가리,3,2022-08-31
호주남극속령,7,2022-08-31
나미비아,6,2022-07-08
남수단,7,2022-07-08
남아프리카공화국,4,2022-07-08
네팔,6,2022-07-08
대만,1,2022-07-08
동티모르,6,2022-07-08
라오스,7,2022-07-08
레소토,6,2022-07-08
르완다,6,2022-07-08
마다가스카르,7,2022-07-08
말라위,7,2022-07-08
말레이시아,2,2022-07-08
모리셔스,3,2022-07-08
모잠비크,7,2022-07-08
몰디브,7,2022-07-08
몽골,7,2022-07-08
미얀마,7,2022-07-08
방글라데시,5,2022-07-08
베트남,4,2022-07-08
보츠와나,3,2022-07-08
부룬디,7,2022-07-08
부탄,6,2022-07-08
북한,7,2022-07-08
소말리아,7,2022-07-08
수단,7,2022-07-08
스리랑카,7,2022-07-08
싱가포르,1,2022-07-08
아프가니스탄,7,2022-07-08
앙골라,6,2022-07-08
에리트리아,7,2022-07-08
에스와티니,6,2022-07-08
에티오피아,7,2022-07-08
우간다,6,2022-07-08
인도,3,2022-07-08
인도네시아,3,2022-07-08
잠비아,7,2022-07-08
중국,2,2022-07-08
지부티,7,2022-07-08
짐바브웨,7,2022-07-08
캄보디아,6,2022-07-08
케냐,7,2022-07-08
탄자니아,6,2022-07-08
태국,3,2022-07-08
터키,5,2022-07-08
튀니지,7,2022-07-08
파키스탄,7,2022-07-08
파푸아뉴기니,6,2022-07-08
피지,5,2022-07-08
필리핀,3,2022-07-08
홍콩,2,2022-07-08
러시아,7,2022-03-17
벨라루스,7,2022-03-17
레바논,7,2022-02-04
루마니아,3,2022-02-04
리비아,7,2022-02-04
모로코,3,2022-02-04
몬테네그로,7,2022-02-04
몰도바,7,2022-02-04
바레인,6,2022-02-04
보스니아-헤르체코비나,7,2022-02-04
북마케도니아,5,2022-02-04
불가리아,3,2022-02-04
사우디아라비아,2,2022-02-04
세르비아,4,2022-02-04
시리아,7,2022-02-04
아랍에미리트 연합,2,2022-02-04
아르메니아,6,2022-02-04
아제르바이잔,4,2022-02-04
알바니아,5,2022-02-04
알제리,5,2022-02-04
예멘,7,2022-02-04
오만,5,2022-02-04
요르단,5,2022-02-04
우즈베키스탄,5,2022-02-04
우크라이나,6,2022-02-04
이라크,7,2022-02-04
이란,7,2022-02-04
이집트,5,2022-02-04
조지아,6,2022-02-04
카자흐스탄,5,2022-02-04
카타르,3,2022-02-04
코소보,6,2022-02-04
쿠웨이트,2,2022-02-04
크로아티아,4,2022-02-04
키르기즈공화국,7,2022-02-04
타지키스탄,7,2022-02-04
투르크메니스탄,7,2022-02-04
팔레스타인,7,2022-02-04
그레나다,6,2021-12-31
나우루,3,2021-12-31
도미니카 연방,5,2021-12-31
라트비아,2,2021-12-31
리투아니아,2,2021-12-31
리히텐슈타인,1,2021-12-31
마샬군도,5,2021-12-31
마카오,2,2021-12-31
모나코,2,2021-12-31
미국령 사모아,5,2021-12-31
미크로네시아,6,2021-12-31
바누아투,6,2021-12-31
바베이도스,5,2021-12-31
바티칸,2,2021-12-31
브루나이,3,2021-12-31
산 마리노,3,2021-12-31
상투메프린시페,6,2021-12-31
세인트 루시아,5,2021-12-31
세인트 빈센트 그레나딘,6,2021-12-31
세인트 키츠 네비스,4,2021-12-31
솔로몬제도,6,2021-12-31
안도라,3,2021-12-31
코모로,6,2021-12-31
키리바시,6,2021-12-31
통가,5,2021-12-31
투발루,6,2021-12-31
팔라우,3,2021-12-31
허드섬,7,2021-12-31
가나,6,2021-10-21
가봉,6,2021-10-21
가이아나,6,2021-10-21
감비아,7,2021-10-21
과테말라,4,2021-10-21
기니,7,2021-10-21
기니비사우,7,2021-10-21
나이지리아,6,2021-10-21
니제르,7,2021-10-21
니카라과,7,2021-10-21
도미니카공화국,4,2021-10-21
라이베리아,7,2021-10-21
말리,7,2021-10-21
멕시코,3,2021-10-21
모리타니아,7,2021-10-21
바하마,4,2021-10-21
베네수엘라,7,2021-10-21
베넹,6,2021-10-21
볼리비아,6,2021-10-21
부르키나파소,7,2021-10-21
브라질,5,2021-10-21
세네갈,5,2021-10-21
수리남,7,2021-10-21
시에라리온,7,2021-10-21
아루바,6,2021-10-21
아르헨티나,7,2021-10-21
아이티,7,2021-10-21
앤티가 바부다,7,2021-10-21
에콰도르,6,2021-10-21
엘살바도르,6,2021-10-21
온두라스,5,2021-10-21
우루과이,3,2021-10-21
자메이카,6,2021-10-21
적도기니,7,2021-10-21
중앙아프리카공화국,7,2021-10-21
차드,7,2021-10-21
카메룬,6,2021-10-21
카보베르데,6,2021-10-21
코스타리카,4,2021-10-21
코트디부아르,5,2021-10-21
콜롬비아,4,2021-10-21
콩고,7,2021-10-21
콩고민주공화국,7,2021-10-21
쿠바,7,2021-10-21
퀴라소,5,2021-10-21
토고,6,2021-10-21
트리니다드토바고,3,2021-10-21
파나마,4,2021-10-21
파라과이,5,2021-10-21
페루,3,2021-10-21
나미비아,6,2021-07-02
남수단,7,2021-07-02
남아프리카공화국,4,2021-07-02
네팔,6,2021-07-02
대만,1,2021-07-02
동티모르,6,2021-07-02
라오스,7,2021-07-02
레소토,6,2021-07-02
르완다,6,2021-07-02
마다가스카르,7,2021-07-02
말라위,7,2021-07-02
말레이시아,2,2021-07-02
모리셔스,3,2021-07-02
모잠비크,7,2021-07-02
몰디브,7,2021-07-02
몽골,7,2021-07-02
미얀마,7,2021-07-02
방글라데시,5,2021-07-02
베트남,4,2021-07-02
보츠와나,3,2021-07-02
부룬디,7,2021-07-02
부탄,6,2021-07-02
북한,7,2021-07-02
소말리아,7,2021-07-02
수단,7,2021-07-02
스리랑카,7,2021-07-02
싱가포르,1,2021-07-02
아프가니스탄,7,2021-07-02
앙골라,6,2021-07-02
에리트리아,7,2021-07-02
에스와티니,6,2021-07-02
에티오피아,7,2021-07-02
우간다,6,2021-07-02
인도,3,2021-07-02
인도네시아,3,2021-07-02
잠비아,7,2021-07-02
중국,2,2021-07-02
지부티,7,2021-07-02
짐바브웨,7,2021-07-02
캄보디아,6,2021-07-02
케냐,6,2021-07-02
탄자니아,6,2021-07-02
태국,3,2021-07-02
파키스탄,7,2021-07-02
파푸아뉴기니,6,2021-07-02
피지,5,2021-07-02
필리핀,3,2021-07-02
홍콩,2,2021-07-02
러시아,4,2021-02-04
레바논,7,2021-02-04
루마니아,3,2021-02-04
리비아,7,2021-02-04
모로코,3,2021-02-04
몬테네그로,7,2021-02-04
몰도바,7,2021-02-04
바레인,6,2021-02-04
벨라루스,6,2021-02-04
보스니아-헤르체코비나,7,2021-02-04
북마케도니아,5,2021-02-04
불가리아,3,2021-02-04
사우디아라비아,2,2021-02-04
세르비아,4,2021-02-04
시리아,7,2021-02-04
아랍에미리트 연합,2,2021-02-04
아르메니아,6,2021-02-04
아제르바이잔,5,2021-02-04
알바니아,5,2021-02-04
알제리,5,2021-02-04
예멘,7,2021-02-04
오만,6,2021-02-04
요르단,5,2021-02-04
우즈베키스탄,5,2021-02-04
우크라이나,6,2021-02-04
이라크,7,2021-02-04
이란,7,2021-02-04
이집트,5,2021-02-04
조지아,6,2021-02-04
카자흐스탄,5,2021-02-04
카타르,3,2021-02-04
코소보,6,2021-02-04
쿠웨이트,2,2021-02-04
크로아티아,4,2021-02-04
키르기즈공화국,7,2021-02-04
타지키스탄,7,2021-02-04
터키,5,2021-02-04
투르크메니스탄,7,2021-02-04
튀니지,6,2021-02-04
팔레스타인,7,2021-02-04
가나,6,2020-10-22
가봉,6,2020-10-22
가이아나,6,2020-10-22
감비아,7,2020-10-22
과테말라,4,2020-10-22
기니,7,2020-10-22
기니비사우,7,2020-10-22
나이지리아,6,2020-10-22
니제르,7,2020-10-22
니카라과,7,2020-10-22
도미니카공화국,4,2020-10-22
라이베리아,7,2020-10-22
말리,7,2020-10-22
멕시코,3,2020-10-22
모리타니아,7,2020-10-22
바하마,4,2020-10-22
베네수엘라,7,2020-10-22
베넹,6,2020-10-22
볼리비아,5,2020-10-22
부르키나파소,7,2020-10-22
브라질,5,2020-10-22
세네갈,5,2020-10-22
수리남,7,2020-10-22
시에라리온,7,2020-10-22
아루바,5,2020-10-22
아르헨티나,7,2020-10-22
아이티,7,2020-10-22
앤티가 바부다,7,2020-10-22
에콰도르,7,2020-10-22
엘살바도르,5,2020-10-22
온두라스,5,2020-10-22
우루과이,3,2020-10-22
자메이카,6,2020-10-22
적도기니,7,2020-10-22
중앙아프리카공화국,7,2020-10-22
차드,7,2020-10-22
카메룬,6,2020-10-22
카보베르데,6,2020-10-22
코스타리카,4,2020-10-22
코트디부아르,6,2020-10-22
콜롬비아,4,2020-10-22
콩고,7,2020-10-22
콩고민주공화국,7,2020-10-22
쿠바,7,2020-10-22
퀴라소,5,2020-10-22
토고,6,2020-10-22
트리니다드토바고,3,2020-10-22
파나마,4,2020-10-22
파라과이,5,2020-10-22
페루,3,2020-10-22
네덜란드,1,2020-09-15
노르웨이,1,2020-09-15
뉴질랜드,1,2020-09-15
대한민국,1,2020-09-15
덴마크,1,2020-09-15
독일,1,2020-09-15
룩셈부르크,1,2020-09-15
몰타,2,2020-09-15
미국,1,2020-09-15
벨기에,1,2020-09-15
벨리즈,7,2020-09-15
세이셸,6,2020-09-15
스웨덴,1,2020-09-15
스위스,1,2020-09-15
스페인,2,2020-09-15
슬로바키아,2,2020-09-15
슬로베니아,3,2020-09-15
아이슬란드,2,2020-09-15
아일랜드,2,2020-09-15
에스토니아,2,2020-09-15
영국,1,2020-09-15
오스트리아,1,2020-09-15
이스라엘,2,2020-09-15
이탈리아,2,2020-09-15
일본,1,2020-09-15
체코,1,2020-09-15
캐나다,1,2020-09-15
포르투갈,3,2020-09-15
폴란드,2,2020-09-15
프랑스,1,2020-09-15
핀란드,1,2020-09-15
호주,1,2020-09-15
나미비아,6,2020-07-01
남수단,7,2020-07-01
남아프리카공화국,4,2020-07-01
네팔,6,2020-07-01
대만,1,2020-07-01
동티모르,6,2020-07-01
라오스,7,2020-07-01
레소토,6,2020-07-01
르완다,6,2020-07-01
마다가스카르,7,2020-07-01
말라위,7,2020-07-01
말레이시아,2,2020-07-01
모리셔스,3,2020-07-01
모잠비크,7,2020-07-01
몰디브,7,2020-07-01
몽골,7,2020-07-01
미얀마,6,2020-07-01
방글라데시,5,2020-07-01
베트남,4,2020-07-01
보츠와나,3,2020-07-01
부룬디,7,2020-07-01
부탄,6,2020-07-01
북한,7,2020-07-01
소말리아,7,2020-07-01
수단,7,2020-07-01
스리랑카,6,2020-07-01
스와질란드,6,2020-07-01
싱가포르,1,2020-07-01
아프가니스탄,7,2020-07-01
앙골라,6,2020-07-01
에리트리아,7,2020-07-01
에티오피아,7,2020-07-01
우간다,6,2020-07-01
인도,3,2020-07-01
인도네시아,3,2020-07-01
잠비아,7,2020-07-01
중국,2,2020-07-01
지부티,7,2020-07-01
짐바브웨,7,2020-07-01
캄보디아,6,2020-07-01
케냐,6,2020-07-01
탄자니아,6,2020-07-01
태국,3,2020-07-01
파키스탄,7,2020-07-01
파푸아뉴기니,6,2020-07-01
피지,5,2020-07-01
필리핀,3,2020-07-01
홍콩,3,2020-07-01
러시아,4,2020-02-05
레바논,7,2020-02-05
루마니아,3,2020-02-05
리비아,7,2020-02-05
마케도니아,5,2020-02-05
모로코,3,2020-02-05
몬테네그로,7,2020-02-05
몰도바,7,2020-02-05
바레인,5,2020-02-05
벨라루스,6,2020-02-05
보스니아-헤르체코비나,7,2020-02-05
불가리아,3,2020-02-05
사우디아라비아,2,2020-02-05
세르비아,4,2020-02-05
시리아,7,2020-02-05
아랍에미리트 연합,2,2020-02-05
아르메니아,6,2020-02-05
아제르바이잔,5,2020-02-05
알바니아,5,2020-02-05
알제리,5,2020-02-05
예멘,7,2020-02-05
오만,5,2020-02-05
요르단,5,2020-02-05
우즈베키스탄,5,2020-02-05
우크라이나,6,2020-02-05
이라크,7,2020-02-05
이란,7,2020-02-05
이집트,5,2020-02-05
조지아,6,2020-02-05
카자흐스탄,5,2020-02-05
카타르,3,2020-02-05
코소보,6,2020-02-05
쿠웨이트,2,2020-02-05
크로아티아,4,2020-02-05
키르기즈공화국,7,2020-02-05
타지키스탄,7,2020-02-05
터키,5,2020-02-05
투르크메니스탄,7,2020-02-05
튀니지,6,2020-02-05
팔레스타인,7,2020-02-05
가나,6,2019-10-24
가봉,6,2019-10-24
가이아나,6,2019-10-24
감비아,7,2019-10-24
과테말라,4,2019-10-24
기니,7,2019-10-24
기니비사우,7,2019-10-24
나이지리아,6,2019-10-24
니제르,7,2019-10-24
니카라과,7,2019-10-24
도미니카공화국,4,2019-10-24
라이베리아,7,2019-10-24
말리,7,2019-10-24
멕시코,3,2019-10-24
모리타니아,7,2019-10-24
바하마,3,2019-10-24
베네수엘라,7,2019-10-24
베넹,6,2019-10-24
볼리비아,5,2019-10-24
부르키나파소,7,2019-10-24
브라질,5,2019-10-24
세네갈,5,2019-10-24
수리남,6,2019-10-24
시에라리온,7,2019-10-24
아루바,4,2019-10-24
아르헨티나,7,2019-10-24
아이티,7,2019-10-24
앤티가 바부다,7,2019-10-24
에콰도르,6,2019-10-24
엘살바도르,5,2019-10-24
온두라스,5,2019-10-24
우루과이,3,2019-10-24
자메이카,6,2019-10-24
적도기니,7,2019-10-24
중앙아프리카공화국,7,2019-10-24
차드,7,2019-10-24
카메룬,6,2019-10-24
카보베르데,6,2019-10-24
코스타리카,3,2019-10-24
코트디부아르,6,2019-10-24
콜롬비아,4,2019-10-24
콩고,7,2019-10-24
콩고민주공화국,7,2019-10-24
쿠바,7,2019-10-24
퀴라소,5,2019-10-24
토고,6,2019-10-24
트리니다드토바고,3,2019-10-24
파나마,4,2019-10-24
파라과이,5,2019-10-24
페루,3,2019-10-24
과달루프,3,2019-08-30
괌,3,2019-08-30
그린랜드,3,2019-08-30
나바사섬,7,2019-08-30
남조지아.남샌드위치군도,7,2019-08-30
노르웨이속령,7,2019-08-30
노포크 아일랜드,7,2019-08-30
뉴칼레도니아,4,2019-08-30
니우에,5,2019-08-30
레위니옹,4,2019-08-30
로스속령,7,2019-08-30
마요뜨,5,2019-08-30
말티니크,3,2019-08-30
맨섬,3,2019-08-30
멜리야,3,2019-08-30
몬트세라트,7,2019-08-30
미국령 버진군도,3,2019-08-30
미드웨이섬,7,2019-08-30
버뮤다,2,2019-08-30
베이커홀랜드섬,7,2019-08-30
북마리아나 군도,3,2019-08-30
세우타,3,2019-08-30
세인트 피에르 미켈론,4,2019-08-30
세인트헬레나,5,2019-08-30
스발바드,7,2019-08-30
아쉬모아 카르티어 아일랜드,7,2019-08-30
알랜드아일랜드,4,2019-08-30
앵귈라,4,2019-08-30
영국남극속령,7,2019-08-30
영국령 버진군도,3,2019-08-30
영국령 인도양지역,7,2019-08-30
월리스푸투나제도,5,2019-08-30
웨이크아일랜드,7,2019-08-30
자비스섬,7,2019-08-30
잔메이엔,7,2019-08-30
존스톤 아일랜드,7,2019-08-30
지브랄타,3,2019-08-30
차넬군도(건지),3,2019-08-30
차넬군도(저지),2,2019-08-30
케이만군도,3,2019-08-30
코랄섬,7,2019-08-30
코코스 군도,7,2019-08-30
쿡제도,4,2019-08-30
크리스마스섬,7,2019-08-30
킹맨리프,7,2019-08-30
터크스 카이코스군도,3,2019-08-30
토켈라우,3,2019-08-30
팔미라,7,2019-08-30
페로군도,3,2019-08-30
포클랜드군도,4,2019-08-30
푸에르토리코,5,2019-08-30
프랑스령 극남군도,7,2019-08-30
프랑스령 기아나,4,2019-08-30
프랑스령 폴리네시아,3,2019-08-30
피트케안군도,7,2019-08-30
호주남극속령,7,2019-08-30
나미비아,5,2019-07-04
남수단,7,2019-07-04
남아프리카공화국,4,2019-07-04
네팔,6,2019-07-04
대만,1,2019-07-04
동티모르,6,2019-07-04
라오스,7,2019-07-04
레소토,6,2019-07-04
르완다,6,2019-07-04
마다가스카르,7,2019-07-04
마카오,2,2019-07-04
말라위,7,2019-07-04
말레이시아,2,2019-07-04
모리셔스,3,2019-07-04
모잠비크,7,2019-07-04
몰디브,6,2019-07-04
몽골,6,2019-07-04
미얀마,6,2019-07-04
방글라데시,5,2019-07-04
베트남,4,2019-07-04
보츠와나,2,2019-07-04
부룬디,7,2019-07-04
부탄,6,2019-07-04
북한,7,2019-07-04
소말리아,7,2019-07-04
수단,7,2019-07-04
스리랑카,6,2019-07-04
스와질란드,6,2019-07-04
싱가포르,1,2019-07-04
아프가니스탄,7,2019-07-04
앙골라,6,2019-07-04
에리트리아,7,2019-07-04
에티오피아,7,2019-07-04
우간다,6,2019-07-04
인도,3,2019-07-04
인도네시아,3,2019-07-04
잠비아,7,2019-07-04
중국,2,2019-07-04
지부티,7,2019-07-04
짐바브웨,7,2019-07-04
캄보디아,6,2019-07-04
케냐,6,2019-07-04
탄자니아,6,2019-07-04
태국,3,2019-07-04
파키스탄,7,2019-07-04
파푸아뉴기니,6,2019-07-04
피지,5,2019-07-04
필리핀,3,2019-07-04
홍콩,2,2019-07-04
그리스,5,2019-02-26
사모아,6,2019-02-26
사이프러스,4,2019-02-26
칠레,2,2019-02-26
헝가리,3,2019-02-26
러시아,4,2019-02-11
레바논,7,2019-02-11
루마니아,3,2019-02-11
리비아,7,2019-02-11
마케도니아,5,2019-02-11
모로코,3,2019-02-11
몬테네그로,7,2019-02-11
몰도바,7,2019-02-11
바레인,5,2019-02-11
벨라루스,6,2019-02-11
보스니아-헤르체코비나,7,2019-02-11
불가리아,3,2019-02-11
사우디아라비아,2,2019-02-11
세르비아,5,2019-02-11
시리아,7,2019-02-11
아랍에미리트 연합,2,2019-02-11
아르메니아,6,2019-02-11
아제르바이잔,5,2019-02-11
알바니아,5,2019-02-11
알제리,4,2019-02-11
예멘,7,2019-02-11
오만,4,2019-02-11
요르단,5,2019-02-11
우즈베키스탄,5,2019-02-11
우크라이나,7,2019-02-11
이라크,7,2019-02-11
이란,6,2019-02-11
이집트,5,2019-02-11
조지아,6,2019-02-11
카자흐스탄,5,2019-02-11
카타르,3,2019-02-11
코소보,7,2019-02-11
쿠웨이트,2,2019-02-11
크로아티아,4,2019-02-11
키르기즈공화국,7,2019-02-11
타지키스탄,7,2019-02-11
터키,5,2019-02-11
투르크메니스탄,6,2019-02-11
튀니지,5,2019-02-11
팔레스타인,7,2019-02-11
그레나다,5,2018-12-03
나우루,4,2018-12-03
도미니카 연방,5,2018-12-03
라트비아,3,2018-12-03
리투아니아,2,2018-12-03
리히텐슈타인,1,2018-12-03
마샬군도,5,2018-12-03
모나코,2,2018-12-03
미국령 사모아,5,2018-12-03
미크로네시아,6,2018-12-03
바누아투,5,2018-12-03
바베이도스,4,2018-12-03
바티칸,2,2018-12-03
브루나이,3,2018-12-03
산 마리노,2,2018-12-03
상투메프린시페,7,2018-12-03
세인트 루시아,6,2018-12-03
세인트 빈센트 그레나딘,5,2018-12-03
세인트 키츠 네비스,5,2018-12-03
솔로몬제도,6,2018-12-03
안도라,2,2018-12-03
코모로,7,2018-12-03
키리바시,7,2018-12-03
통가,6,2018-12-03
투발루,7,2018-12-03
팔라우,3,2018-12-03
허드섬,7,2018-12-03
가나,6,2018-11-02
가봉,6,2018-11-02
가이아나,6,2018-11-02
감비아,7,2018-11-02
과테말라,4,2018-11-02
기니,7,2018-11-02
기니비사우,7,2018-11-02
나이지리아,6,2018-11-02
니제르,7,2018-11-02
니카라과,7,2018-11-02
도미니카공화국,4,2018-11-02
라이베리아,7,2018-11-02
말리,7,2018-11-02
멕시코,3,2018-11-02
모리타니아,7,2018-11-02
바하마,3,2018-11-02
베네수엘라,7,2018-11-02
베넹,6,2018-11-02
볼리비아,5,2018-11-02
부르키나파소,7,2018-11-02
브라질,5,2018-11-02
세네갈,5,2018-11-02
수리남,6,2018-11-02
시에라리온,7,2018-11-02
아루바,4,2018-11-02
아르헨티나,6,2018-11-02
아이티,7,2018-11-02
앤티가 바부다,7,2018-11-02
에콰도르,6,2018-11-02
엘살바도르,5,2018-11-02
온두라스,5,2018-11-02
우루과이,3,2018-11-02
자메이카,6,2018-11-02
적도기니,7,2018-11-02
중앙아프리카공화국,7,2018-11-02
차드,7,2018-11-02
카메룬,6,2018-11-02
카보베르데,6,2018-11-02
코스타리카,3,2018-11-02
코트디부아르,6,2018-11-02
콜롬비아,4,2018-11-02
콩고,7,2018-11-02
콩고민주공화국,7,2018-11-02
쿠바,7,2018-11-02
퀴라소,5,2018-11-02
토고,6,2018-11-02
트리니다드토바고,3,2018-11-02
파나마,3,2018-11-02
파라과이,5,2018-11-02
페루,3,2018-11-02
나미비아,4,2018-06-29
남수단,7,2018-06-29
남아프리카공화국,4,2018-06-29
네팔,6,2018-06-29
대만,1,2018-06-29
동티모르,6,2018-06-29
라오스,7,2018-06-29
레소토,6,2018-06-29
르완다,6,2018-06-29
마다가스카르,7,2018-06-29
마카오,2,2018-06-29
말라위,7,2018-06-29
말레이시아,2,2018-06-29
모리셔스,3,2018-06-29
모잠비크,7,2018-06-29
몰디브,6,2018-06-29
몽골,6,2018-06-29
미얀마,6,2018-06-29
방글라데시,5,2018-06-29
베트남,5,2018-06-29
보츠와나,2,2018-06-29
부룬디,7,2018-06-29
부탄,6,2018-06-29
북한,7,2018-06-29
소말리아,7,2018-06-29
수단,7,2018-06-29
스리랑카,6,2018-06-29
스와질란드,6,2018-06-29
싱가포르,1,2018-06-29
아프가니스탄,7,2018-06-29
앙골라,6,2018-06-29
에리트리아,7,2018-06-29
에티오피아,7,2018-06-29
우간다,6,2018-06-29
이란,6,2018-06-29
인도,3,2018-06-29
인도네시아,3,2018-06-29
잠비아,6,2018-06-29
중국,2,2018-06-29
지부티,7,2018-06-29
짐바브웨,7,2018-06-29
캄보디아,6,2018-06-29
케냐,6,2018-06-29
탄자니아,6,2018-06-29
태국,3,2018-06-29
터키,5,2018-06-29
파키스탄,7,2018-06-29
파푸아뉴기니,6,2018-06-29
피지,5,2018-06-29
필리핀,3,2018-06-29
홍콩,2,2018-06-29
러시아,4,2018-02-02
레바논,7,2018-02-02
루마니아,3,2018-02-02
리비아,7,2018-02-02
마케도니아,5,2018-02-02
모로코,3,2018-02-02
몬테네그로,7,2018-02-02
몰도바,7,2018-02-02
바레인,4,2018-02-02
벨라루스,6,2018-02-02
보스니아-헤르체코비나,7,2018-02-02
불가리아,3,2018-02-02
사우디아라비아,2,2018-02-02
세르비아,5,2018-02-02
시리아,7,2018-02-02
아랍에미리트 연합,2,2018-02-02
아르메니아,6,2018-02-02
아제르바이잔,5,2018-02-02
알바니아,6,2018-02-02
알제리,4,2018-02-02
예멘,7,2018-02-02
오만,4,2018-02-02
요르단,5,2018-02-02
우즈베키스탄,6,2018-02-02
우크라이나,7,2018-02-02
이라크,7,2018-02-02
이집트,6,2018-02-02
조지아,6,2018-02-02
카자흐스탄,6,2018-02-02
카타르,3,2018-02-02
코소보,7,2018-02-02
쿠웨이트,2,2018-02-02
크로아티아,4,2018-02-02
키르기즈공화국,7,2018-02-02
타지키스탄,7,2018-02-02
투르크메니스탄,6,2018-02-02
튀니지,5,2018-02-02
팔레스타인,7,2018-02-02
가나,6,2017-11-03
가봉,6,2017-11-03
가이아나,6,2017-11-03
감비아,7,2017-11-03
과테말라,4,2017-11-03
기니,7,2017-11-03
기니비사우,7,2017-11-03
나이지리아,6,2017-11-03
니제르,7,2017-11-03
니카라과,6,2017-11-03
도미니카공화국,4,2017-11-03
라이베리아,7,2017-11-03
말리,7,2017-11-03
멕시코,3,2017-11-03
모리타니아,7,2017-11-03
바하마,3,2017-11-03
베네수엘라,7,2017-11-03
베넹,6,2017-11-03
벨리즈,7,2017-11-03
볼리비아,5,2017-11-03
부르키나파소,7,2017-11-03
브라질,5,2017-11-03
세네갈,5,2017-11-03
수리남,6,2017-11-03
시에라리온,7,2017-11-03
아루바,4,2017-11-03
아르헨티나,6,2017-11-03
아이티,7,2017-11-03
앤티가 바부다,7,2017-11-03
에콰도르,6,2017-11-03
엘살바도르,5,2017-11-03
온두라스,5,2017-11-03
우루과이,3,2017-11-03
자메이카,6,2017-11-03
적도기니,7,2017-11-03
중앙아프리카공화국,7,2017-11-03
차드,7,2017-11-03
카메룬,6,2017-11-03
카보베르데,6,2017-11-03
코스타리카,3,2017-11-03
코트디부아르,6,2017-11-03
콜롬비아,4,2017-11-03
콩고,7,2017-11-03
콩고민주공화국,7,2017-11-03
쿠바,7,2017-11-03
퀴라소,5,2017-11-03
토고,6,2017-11-03
트리니다드토바고,3,2017-11-03
파나마,3,2017-11-03
파라과이,5,2017-11-03
페루,3,2017-11-03
나미비아,4,2017-06-28
남수단,7,2017-06-28
남아프리카공화국,4,2017-06-28
네팔,6,2017-06-28
대만,1,2017-06-28
동티모르,6,2017-06-28
라오스,7,2017-06-28
레소토,6,2017-06-28
르완다,6,2017-06-28
마다가스카르,7,2017-06-28
마카오,2,2017-06-28
말라위,7,2017-06-28
말레이시아,2,2017-06-28
모리셔스,3,2017-06-28
모잠비크,7,2017-06-28
몰디브,6,2017-06-28
몽골,6,2017-06-28
미얀마,6,2017-06-28
방글라데시,5,2017-06-28
베트남,5,2017-06-28
보츠와나,2,2017-06-28
부룬디,7,2017-06-28
부탄,6,2017-06-28
북한,7,2017-06-28
세이셸,6,2017-06-28
소말리아,7,2017-06-28
수단,7,2017-06-28
스리랑카,6,2017-06-28
스와질란드,6,2017-06-28
싱가포르,1,2017-06-28
아프가니스탄,7,2017-06-28
앙골라,6,2017-06-28
에리트리아,7,2017-06-28
에티오피아,7,2017-06-28
우간다,6,2017-06-28
인도,3,2017-06-28
인도네시아,3,2017-06-28
잠비아,6,2017-06-28
중국,2,2017-06-28
지부티,7,2017-06-28
짐바브웨,7,2017-06-28
캄보디아,6,2017-06-28
케냐,6,2017-06-28
탄자니아,6,2017-06-28
태국,3,2017-06-28
파키스탄,7,2017-06-28
파푸아뉴기니,6,2017-06-28
피지,6,2017-06-28
필리핀,3,2017-06-28
홍콩,2,2017-06-28
몰타,3,2017-06-20
슬로베니아,3,2017-06-20
포르투갈,3,2017-06-20
네덜란드,1,2017-05-09
노르웨이,1,2017-05-09
뉴질랜드,1,2017-05-09
대한민국,1,2017-05-09
덴마크,1,2017-05-09
독일,1,2017-05-09
룩셈부르크,1,2017-05-09
미국,1,2017-05-09
벨기에,1,2017-05-09
스웨덴,1,2017-05-09
스위스,1,2017-05-09
스페인,1,2017-05-09
슬로바키아,1,2017-05-09
아이슬란드,1,2017-05-09
아일랜드,1,2017-05-09
에스토니아,1,2017-05-09
영국,1,2017-05-09
오스트리아,1,2017-05-09
이스라엘,1,2017-05-09
이탈리아,1,2017-05-09
일본,1,2017-05-09
체코,1,2017-05-09
캐나다,1,2017-05-09
폴란드,1,2017-05-09
프랑스,1,2017-05-09
핀란드,1,2017-05-09
호주,1,2017-05-09
러시아,4,2017-02-03
레바논,7,2017-02-03
루마니아,3,2017-02-03
리비아,7,2017-02-03
마케도니아,5,2017-02-03
모로코,3,2017-02-03
몬테네그로,7,2017-02-03
몰도바,7,2017-02-03
바레인,4,2017-02-03
벨라루스,7,2017-02-03
보스니아-헤르체코비나,7,2017-02-03
불가리아,3,2017-02-03
사우디아라비아,2,2017-02-03
세르비아,5,2017-02-03
시리아,7,2017-02-03
아랍에미리트 연합,2,2017-02-03
아르메니아,6,2017-02-03
아제르바이잔,5,2017-02-03
알바니아,6,2017-02-03
알제리,4,2017-02-03
예멘,7,2017-02-03
오만,3,2017-02-03
요르단,5,2017-02-03
우즈베키스탄,6,2017-02-03
우크라이나,7,2017-02-03
이라크,7,2017-02-03
이란,6,2017-02-03
이집트,6,2017-02-03
조지아,6,2017-02-03
카자흐스탄,6,2017-02-03
카타르,3,2017-02-03
코소보,7,2017-02-03
쿠웨이트,2,2017-02-03
크로아티아,5,2017-02-03
키르기즈공화국,7,2017-02-03
타지키스탄,7,2017-02-03
투르크메니스탄,6,2017-02-03
튀니지,5,2017-02-03
팔레스타인,7,2017-02-03
그리스,6,2016-12-30
사이프러스,4,2016-12-30
칠레,2,2016-12-30
그린랜드,3,2016-12-23
나바사섬,7,2016-12-23
남조지아.남샌드위치군도,7,2016-12-23
노르웨이속령,7,2016-12-23
노포크 아일랜드,7,2016-12-23
니우에,5,2016-12-23
로스속령,7,2016-12-23
마요뜨,5,2016-12-23
말티니크,3,2016-12-23
맨섬,3,2016-12-23
멜리야,3,2016-12-23
몬트세라트,7,2016-12-23
미국령 버진군도,3,2016-12-23
미국령 사모아,5,2016-12-23
미드웨이섬,7,2016-12-23
베이커홀랜드섬,7,2016-12-23
북마리아나 군도,3,2016-12-23
세우타,3,2016-12-23
세인트 피에르 미켈론,4,2016-12-23
세인트헬레나,5,2016-12-23
스발바드,7,2016-12-23
아쉬모아 카르티어 아일랜드,7,2016-12-23
알랜드아일랜드,4,2016-12-23
영국남극속령,7,2016-12-23
영국령 인도양지역,7,2016-12-23
월리스푸투나제도,5,2016-12-23
웨이크아일랜드,7,2016-12-23
자비스섬,7,2016-12-23
잔메이엔,7,2016-12-23
존스톤 아일랜드,7,2016-12-23
차넬군도(건지),3,2016-12-23
케이만군도,3,2016-12-23
코랄섬,7,2016-12-23
코코스 군도,7,2016-12-23
쿡제도,4,2016-12-23
크리스마스섬,7,2016-12-23
킹맨리프,7,2016-12-23
터크스 카이코스군도,4,2016-12-23
토켈라우,3,2016-12-23
팔미라,7,2016-12-23
페로군도,4,2016-12-23
포클랜드군도,4,2016-12-23
프랑스령 극남군도,7,2016-12-23
프랑스령 기아나,4,2016-12-23
피트케안군도,7,2016-12-23
호주남극속령,7,2016-12-23
가나,6,2016-11-04
가봉,5,2016-11-04
감비아,7,2016-11-04
과테말라,4,2016-11-04
기니,7,2016-11-04
기니비사우,7,2016-11-04
나이지리아,6,2016-11-04
니제르,7,2016-11-04
니카라과,7,2016-11-04
도미니카공화국,5,2016-11-04
라이베리아,7,2016-11-04
말리,7,2016-11-04
멕시코,3,2016-11-04
모리타니아,7,2016-11-04
바하마,3,2016-11-04
베네수엘라,7,2016-11-04
베넹,6,2016-11-04
벨리즈,7,2016-11-04
볼리비아,5,2016-11-04
부르키나파소,7,2016-11-04
브라질,5,2016-11-04
세네갈,6,2016-11-04
수리남,6,2016-11-04
시에라리온,7,2016-11-04
아루바,4,2016-11-04
아르헨티나,6,2016-11-04
아이티,7,2016-11-04
앤티가 바부다,7,2016-11-04
에콰도르,6,2016-11-04
엘살바도르,5,2016-11-04
온두라스,5,2016-11-04
우루과이,3,2016-11-04
자메이카,7,2016-11-04
적도기니,7,2016-11-04
중앙아프리카공화국,7,2016-11-04
차드,7,2016-11-04
카메룬,6,2016-11-04
카보베르데,6,2016-11-04
코스타리카,3,2016-11-04
코트디부아르,6,2016-11-04
콜롬비아,4,2016-11-04
콩고,6,2016-11-04
콩고민주공화국,7,2016-11-04
쿠바,7,2016-11-04
퀴라소,5,2016-11-04
토고,6,2016-11-04
트리니다드토바고,3,2016-11-04
파나마,3,2016-11-04
파라과이,5,2016-11-04
페루,3,2016-11-04
과달루프,3,2016-10-31
괌,3,2016-10-31
뉴칼레도니아,4,2016-10-31
레위니옹,4,2016-10-31
버뮤다,2,2016-10-31
앵귈라,4,2016-10-31
영국령 버진군도,3,2016-10-31
지브랄타,3,2016-10-31
차넬군도(저지),2,2016-10-31
터키,5,2016-10-31
푸에르토리코,5,2016-10-31
프랑스령 폴리네시아,3,2016-10-31
나미비아,4,2016-07-01
남수단,7,2016-07-01
남아프리카공화국,4,2016-07-01
네팔,6,2016-07-01
대만,1,2016-07-01
동티모르,6,2016-07-01
라오스,7,2016-07-01
레소토,5,2016-07-01
르완다,6,2016-07-01
마다가스카르,7,2016-07-01
마카오,2,2016-07-01
말라위,7,2016-07-01
말레이시아,2,2016-07-01
모리셔스,3,2016-07-01
모잠비크,7,2016-07-01
몰디브,6,2016-07-01
몽골,6,2016-07-01
미얀마,7,2016-07-01
바레인,4,2016-07-01
방글라데시,5,2016-07-01
베트남,5,2016-07-01
보츠와나,2,2016-07-01
부룬디,7,2016-07-01
부탄,6,2016-07-01
북한,7,2016-07-01
세이셸,6,2016-07-01
소말리아,7,2016-07-01
수단,7,2016-07-01
스리랑카,6,2016-07-01
스와질란드,6,2016-07-01
싱가포르,1,2016-07-01
아프가니스탄,7,2016-07-01
앙골라,6,2016-07-01
에리트리아,7,2016-07-01
에티오피아,7,2016-07-01
우간다,6,2016-07-01
이란,6,2016-07-01
인도,3,2016-07-01
인도네시아,3,2016-07-01
잠비아,6,2016-07-01
중국,2,2016-07-01
지부티,7,2016-07-01
짐바브웨,7,2016-07-01
캄보디아,6,2016-07-01
케냐,6,2016-07-01
탄자니아,6,2016-07-01
태국,3,2016-07-01
파키스탄,7,2016-07-01
파푸아뉴기니,6,2016-07-01
피지,6,2016-07-01
필리핀,3,2016-07-01
홍콩,1,2016-07-01
러시아,4,2016-02-05
레바논,7,2016-02-05
루마니아,3,2016-02-05
리비아,7,2016-02-05
마케도니아,5,2016-02-05
모로코,3,2016-02-05
몬테네그로,7,2016-02-05
몰도바,7,2016-02-05
벨라루스,7,2016-02-05
보스니아-헤르체코비나,7,2016-02-05
불가리아,4,2016-02-05
사우디아라비아,2,2016-02-05
세르비아,6,2016-02-05
시리아,7,2016-02-05
아랍에미리트 연합,2,2016-02-05
아르메니아,6,2016-02-05
아제르바이잔,5,2016-02-05
알바니아,6,2016-02-05
알제리,4,2016-02-05
예멘,7,2016-02-05
오만,3,2016-02-05
요르단,5,2016-02-05
우즈베키스탄,6,2016-02-05
우크라이나,7,2016-02-05
이라크,7,2016-02-05
이집트,6,2016-02-05
조지아,6,2016-02-05
카자흐스탄,6,2016-02-05
카타르,3,2016-02-05
코소보,7,2016-02-05
쿠웨이트,2,2016-02-05
크로아티아,5,2016-02-05
키르기즈공화국,7,2016-02-05
타지키스탄,7,2016-02-05
투르크메니스탄,6,2016-02-05
튀니지,4,2016-02-05
팔레스타인,7,2016-02-05
헝가리,4,2016-02-05
가이아나,6,2015-12-11
그레나다,5,2015-12-11
나우루,4,2015-12-11
도미니카 연방,6,2015-12-11
라트비아,4,2015-12-11
리투아니아,2,2015-12-11
리히텐슈타인,2,2015-12-11
마샬군도,5,2015-12-11
모나코,2,2015-12-11
미크로네시아,6,2015-12-11
바누아투,5,2015-12-11
바베이도스,3,2015-12-11
바티칸,2,2015-12-11
브루나이,3,2015-12-11
사모아,6,2015-12-11
산 마리노,2,2015-12-11
상투메프린시페,7,2015-12-11
세인트 루시아,5,2015-12-11
세인트 빈센트 그레나딘,5,2015-12-11
세인트 키츠 네비스,5,2015-12-11
솔로몬제도,6,2015-12-11
안도라,2,2015-12-11
코모로,7,2015-12-11
키리바시,6,2015-12-11
통가,6,2015-12-11
투발루,7,2015-12-11
팔라우,4,2015-12-11
허드섬,7,2015-12-11
가나,6,2015-11-06
가봉,5,2015-11-06
감비아,7,2015-11-06
과테말라,4,2015-11-06
기니,7,2015-11-06
기니비사우,7,2015-11-06
나이지리아,5,2015-11-06
니제르,7,2015-11-06
니카라과,7,2015-11-06
도미니카공화국,5,2015-11-06
라이베리아,7,2015-11-06
말리,7,2015-11-06
멕시코,3,2015-11-06
모리타니아,7,2015-11-06
바하마,3,2015-11-06
베네수엘라,7,2015-11-06
베넹,6,2015-11-06
볼리비아,5,2015-11-06
부르키나파소,7,2015-11-06
브라질,4,2015-11-06
세네갈,6,2015-11-06
수리남,6,2015-11-06
시에라리온,7,2015-11-06
아루바,4,2015-11-06
아르헨티나,7,2015-11-06
아이티,7,2015-11-06
앤티가 바부다,7,2015-11-06
에콰도르,6,2015-11-06
엘살바도르,5,2015-11-06
온두라스,6,2015-11-06
우루과이,3,2015-11-06
자메이카,7,2015-11-06
적도기니,7,2015-11-06
중앙아프리카공화국,7,2015-11-06
차드,7,2015-11-06
카메룬,6,2015-11-06
카보베르데,6,2015-11-06
코스타리카,3,2015-11-06
코트디부아르,6,2015-11-06
콜롬비아,4,2015-11-06
콩고,6,2015-11-06
콩고민주공화국,7,2015-11-06
쿠바,7,2015-11-06
퀴라소,5,2015-11-06
토고,7,2015-11-06
트리니다드토바고,2,2015-11-06
파나마,3,2015-11-06
파라과이,5,2015-11-06
페루,3,2015-11-06
나미비아,3,2015-07-03
남수단,7,2015-07-03
남아프리카공화국,4,2015-07-03
네팔,6,2015-07-03
대만,1,2015-07-03
동티모르,6,2015-07-03
라오스,7,2015-07-03
레소토,5,2015-07-03
르완다,6,2015-07-03
마다가스카르,7,2015-07-03
마카오,2,2015-07-03
말라위,7,2015-07-03
말레이시아,2,2015-07-03
모리셔스,3,2015-07-03
모잠비크,7,2015-07-03
몰디브,6,2015-07-03
몽골,6,2015-07-03
미얀마,7,2015-07-03
방글라데시,5,2015-07-03
베트남,5,2015-07-03
보츠와나,2,2015-07-03
부룬디,7,2015-07-03
부탄,6,2015-07-03
북한,7,2015-07-03
세이셸,7,2015-07-03
소말리아,7,2015-07-03
수단,7,2015-07-03
스리랑카,6,2015-07-03
스와질란드,6,2015-07-03
싱가포르,1,2015-07-03
아프가니스탄,7,2015-07-03
앙골라,5,2015-07-03
에리트리아,7,2015-07-03
에티오피아,7,2015-07-03
우간다,6,2015-07-03
인도,3,2015-07-03
인도네시아,3,2015-07-03
잠비아,5,2015-07-03
중국,2,2015-07-03
지부티,7,2015-07-03
짐바브웨,7,2015-07-03
캄보디아,6,2015-07-03
케냐,6,2015-07-03
탄자니아,6,2015-07-03
태국,3,2015-07-03
파키스탄,7,2015-07-03
파푸아뉴기니,5,2015-07-03
피지,6,2015-07-03
필리핀,3,2015-07-03
홍콩,1,2015-07-03
그루지아,6,2015-02-06
러시아,4,2015-02-06
레바논,7,2015-02-06
루마니아,3,2015-02-06
리비아,7,2015-02-06
마케도니아,5,2015-02-06
모로코,3,2015-02-06
몬테네그로,7,2015-02-06
몰도바,7,2015-02-06
바레인,4,2015-02-06
벨라루스,7,2015-02-06
보스니아-헤르체코비나,7,2015-02-06
불가리아,4,2015-02-06
사우디아라비아,2,2015-02-06
세르비아,6,2015-02-06
시리아,7,2015-02-06
아랍에미리트 연합,2,2015-02-06
아르메니아,6,2015-02-06
아제르바이잔,5,2015-02-06
알바니아,6,2015-02-06
알제리,3,2015-02-06
예멘,7,2015-02-06
오만,2,2015-02-06
요르단,5,2015-02-06
우즈베키스탄,6,2015-02-06
우크라이나,7,2015-02-06
이라크,7,2015-02-06
이란,7,2015-02-06
이집트,6,2015-02-06
카자흐스탄,5,2015-02-06
카타르,3,2015-02-06
코소보,7,2015-02-06
쿠웨이트,2,2015-02-06
크로아티아,5,2015-02-06
키르기즈스탄,7,2015-02-06
타지키스탄,7,2015-02-06
터키,4,2015-02-06
투르크메니스탄,6,2015-02-06
튀니지,4,2015-02-06
팔레스타인,7,2015-02-06
헝가리,4,2015-02-06
몰타,3,2014-12-08
슬로베니아,3,2014-12-08
포르투갈,3,2014-12-08
헝가리,3,2014-12-08
가나,5,2014-10-24
가봉,5,2014-10-24
감비아,7,2014-10-24
과테말라,4,2014-10-24
기니,7,2014-10-24
기니비사우,7,2014-10-24
나이지리아,5,2014-10-24
니제르,7,2014-10-24
니카라과,7,2014-10-24
도미니카공화국,5,2014-10-24
라이베리아,7,2014-10-24
말리,7,2014-10-24
멕시코,3,2014-10-24
모리타니아,7,2014-10-24
바하마,3,2014-10-24
베네수엘라,7,2014-10-24
베넹,7,2014-10-24
볼리비아,5,2014-10-24
부르키나파소,7,2014-10-24
브라질,3,2014-10-24
세네갈,6,2014-10-24
수리남,6,2014-10-24
시에라리온,7,2014-10-24
아루바,4,2014-10-24
아르헨티나,7,2014-10-24
아이티,7,2014-10-24
앤티가 바부다,7,2014-10-24
에콰도르,6,2014-10-24
엘살바도르,4,2014-10-24
온두라스,6,2014-10-24
우루과이,3,2014-10-24
자메이카,7,2014-10-24
적도기니,7,2014-10-24
중앙아프리카공화국,7,2014-10-24
차드,7,2014-10-24
카메룬,6,2014-10-24
카보베르데,6,2014-10-24
코스타리카,3,2014-10-24
코트디부아르,7,2014-10-24
콜롬비아,4,2014-10-24
콩고,6,2014-10-24
콩고민주공화국,7,2014-10-24
쿠바,7,2014-10-24
퀴라소,5,2014-10-24
토고,7,2014-10-24
트리니다드토바고,2,2014-10-24
파나마,3,2014-10-24
파라과이,5,2014-10-24
페루,3,2014-10-24
나미비아,3,2014-07-04
남수단,7,2014-07-04
남아프리카공화국,3,2014-07-04
네팔,6,2014-07-04
대만,1,2014-07-04
동티모르,6,2014-07-04
라오스,7,2014-07-04
레소토,5,2014-07-04
르완다,7,2014-07-04
마다가스카르,7,2014-07-04
마카오,2,2014-07-04
말라위,7,2014-07-04
말레이시아,2,2014-07-04
모리셔스,3,2014-07-04
모잠비크,6,2014-07-04
몰디브,7,2014-07-04
몽골,6,2014-07-04
미얀마,7,2014-07-04
방글라데시,6,2014-07-04
베트남,5,2014-07-04
보츠와나,2,2014-07-04
부룬디,7,2014-07-04
부탄,6,2014-07-04
북한,7,2014-07-04
브루나이,2,2014-07-04
세이셸,7,2014-07-04
소말리아,7,2014-07-04
수단,7,2014-07-04
스리랑카,6,2014-07-04
스와질란드,6,2014-07-04
싱가포르,1,2014-07-04
아프가니스탄,7,2014-07-04
앙골라,5,2014-07-04
에리트리아,7,2014-07-04
에티오피아,7,2014-07-04
우간다,6,2014-07-04
인도,3,2014-07-04
인도네시아,3,2014-07-04
잠비아,5,2014-07-04
중국,2,2014-07-04
지부티,7,2014-07-04
짐바브웨,7,2014-07-04
캄보디아,6,2014-07-04
케냐,6,2014-07-04
탄자니아,6,2014-07-04
태국,3,2014-07-04
파키스탄,7,2014-07-04
파푸아뉴기니,5,2014-07-04
피지,6,2014-07-04
필리핀,3,2014-07-04
홍콩,1,2014-07-04
네덜란드,1,2014-06-18
노르웨이,1,2014-06-18
뉴질랜드,1,2014-06-18
덴마크,1,2014-06-18
독일,1,2014-06-18
룩셈부르크,1,2014-06-18
미국,1,2014-06-18
벨기에,1,2014-06-18
스웨덴,1,2014-06-18
스위스,1,2014-06-18
스페인,1,2014-06-18
슬로바키아,1,2014-06-18
아이슬란드,1,2014-06-18
아일랜드,1,2014-06-18
에스토니아,1,2014-06-18
영국,1,2014-06-18
오스트리아,1,2014-06-18
이스라엘,1,2014-06-18
이탈리아,1,2014-06-18
일본,1,2014-06-18
체코,1,2014-06-18
캐나다,1,2014-06-18
폴란드,1,2014-06-18
프랑스,1,2014-06-18
핀란드,1,2014-06-18
호주,1,2014-06-18
대한민국,1,2014-06-16
그루지아,6,2014-02-07
라트비아,4,2014-02-07
러시아,3,2014-02-07
레바논,7,2014-02-07
루마니아,4,2014-02-07
리비아,7,2014-02-07
리투아니아,2,2014-02-07
마케도니아,5,2014-02-07
모로코,3,2014-02-07
몬테네그로,6,2014-02-07
몰도바,7,2014-02-07
바레인,4,2014-02-07
벨라루스,7,2014-02-07
보스니아-헤르체코비나,7,2014-02-07
불가리아,4,2014-02-07
사우디아라비아,2,2014-02-07
세르비아,6,2014-02-07
시리아,7,2014-02-07
아랍에미리트 연합,2,2014-02-07
아르메니아,6,2014-02-07
아제르바이잔,5,2014-02-07
알바니아,6,2014-02-07
알제리,3,2014-02-07
예멘,7,2014-02-07
오만,2,2014-02-07
요르단,5,2014-02-07
우즈베키스탄,6,2014-02-07
우크라이나,7,2014-02-07
이라크,7,2014-02-07
이란,7,2014-02-07
이집트,6,2014-02-07
카자흐스탄,5,2014-02-07
카타르,3,2014-02-07
코소보,7,2014-02-07
쿠웨이트,2,2014-02-07
크로아티아,5,2014-02-07
키르기즈스탄,7,2014-02-07
타지키스탄,7,2014-02-07
터키,4,2014-02-07
투르크메니스탄,6,2014-02-07
튀니지,4,2014-02-07
팔레스타인,7,2014-02-07
가나,5,2013-10-25
가봉,5,2013-10-25
감비아,7,2013-10-25
과테말라,5,2013-10-25
기니,7,2013-10-25
기니비사우,7,2013-10-25
나이지리아,5,2013-10-25
니제르,7,2013-10-25
니카라과,7,2013-10-25
도미니카공화국,5,2013-10-25
라이베리아,7,2013-10-25
말리,7,2013-10-25
멕시코,3,2013-10-25
모리타니아,7,2013-10-25
바하마,3,2013-10-25
베네수엘라,7,2013-10-25
베넹,6,2013-10-25
볼리비아,6,2013-10-25
부르키나파소,7,2013-10-25
브라질,3,2013-10-25
세네갈,6,2013-10-25
수리남,6,2013-10-25
시에라리온,7,2013-10-25
아루바,4,2013-10-25
아르헨티나,7,2013-10-25
아이티,7,2013-10-25
앤티가 바부다,6,2013-10-25
에콰도르,7,2013-10-25
엘살바도르,4,2013-10-25
온두라스,6,2013-10-25
우루과이,3,2013-10-25
자메이카,7,2013-10-25
적도기니,7,2013-10-25
중앙아프리카공화국,7,2013-10-25
차드,7,2013-10-25
칠레,2,2013-10-25
카메룬,6,2013-10-25
카포베르데,6,2013-10-25
코스타리카,3,2013-10-25
코트디부아르,7,2013-10-25
콜롬비아,4,2013-10-25
콩고,6,2013-10-25
콩고민주공화국,7,2013-10-25
쿠바,7,2013-10-25
토고,7,2013-10-25
트리니다드토바고,2,2013-10-25
파나마,3,2013-10-25
파라과이,5,2013-10-25
페루,3,2013-10-25
나미비아,3,2013-07-05
남수단,7,2013-07-05
남아프리카공화국,3,2013-07-05
네팔,7,2013-07-05
대만,1,2013-07-05
동티모르,6,2013-07-05
라오스,7,2013-07-05
레소토,5,2013-07-05
르완다,7,2013-07-05
마다가스카르,7,2013-07-05
마카오,2,2013-07-05
말라위,7,2013-07-05
말레이시아,2,2013-07-05
모리셔스,3,2013-07-05
모잠비크,6,2013-07-05
몰디브,7,2013-07-05
몽골,5,2013-07-05
미얀마,7,2013-07-05
방글라데시,6,2013-07-05
베트남,5,2013-07-05
보츠와나,2,2013-07-05
부룬디,7,2013-07-05
부탄,6,2013-07-05
북한,7,2013-07-05
브루나이,2,2013-07-05
세이셸,7,2013-07-05
소말리아,7,2013-07-05
수단,7,2013-07-05
스리랑카,6,2013-07-05
스와질란드,6,2013-07-05
싱가포르,1,2013-07-05
아프가니스탄,7,2013-07-05
앙골라,5,2013-07-05
에리트리아,7,2013-07-05
에티오피아,7,2013-07-05
우간다,6,2013-07-05
이집트,6,2013-07-05
인도,3,2013-07-05
인도네시아,3,2013-07-05
잠비아,5,2013-07-05
중국,2,2013-07-05
지부티,7,2013-07-05
짐바브웨,7,2013-07-05
캄보디아,6,2013-07-05
케냐,6,2013-07-05
탄자니아,6,2013-07-05
태국,3,2013-07-05
파키스탄,7,2013-07-05
파푸아뉴기니,5,2013-07-05
필리핀,3,2013-07-05
홍콩,1,2013-07-05
그루지아,6,2013-02-01
라트비아,4,2013-02-01
러시아,3,2013-02-01
레바논,7,2013-02-01
루마니아,4,2013-02-01
리비아,7,2013-02-01
리투아니아,3,2013-02-01
마케도니아,5,2013-02-01
모로코,3,2013-02-01
몬테네그로,6,2013-02-01
몰도바,7,2013-02-01
바레인,4,2013-02-01
벨라루스,7,2013-02-01
보스니아-헤르체코비나,7,2013-02-01
불가리아,4,2013-02-01
사우디아라비아,2,2013-02-01
세르비아,6,2013-02-01
시리아,7,2013-02-01
아랍에미리트 연합,2,2013-02-01
아르메니아,6,2013-02-01
아제르바이잔,5,2013-02-01
알바니아,6,2013-02-01
알제리,3,2013-02-01
예멘,7,2013-02-01
오만,2,2013-02-01
요르단,5,2013-02-01
우즈베키스탄,6,2013-02-01
우크라이나,7,2013-02-01
이라크,7,2013-02-01
이란,7,2013-02-01
카자흐스탄,5,2013-02-01
카타르,3,2013-02-01
코소보,7,2013-02-01
쿠웨이트,2,2013-02-01
크로아티아,5,2013-02-01
키르기즈스탄,7,2013-02-01
타지키스탄,7,2013-02-01
터키,4,2013-02-01
투르크메니스탄,6,2013-02-01
튀니지,4,2013-02-01
팔레스타인,7,2013-02-01
폴란드,1,2013-02-01
그리스,6,2013-01-01
사이프러스,4,2013-01-01
가나,5,2012-11-02
가봉,5,2012-11-02
감비아,7,2012-11-02
기니,7,2012-11-02
기니비사우,7,2012-11-02
나미비아,3,2012-11-02
나이지리아,5,2012-11-02
남아프리카공화국,3,2012-11-02
니제르,7,2012-11-02
라이베리아,7,2012-11-02
레소토,5,2012-11-02
르완다,7,2012-11-02
마다가스카르,7,2012-11-02
말라위,7,2012-11-02
말리,7,2012-11-02
모리셔스,3,2012-11-02
모리타니아,7,2012-11-02
모잠비크,6,2012-11-02
베넹,6,2012-11-02
보츠와나,2,2012-11-02
부룬디,7,2012-11-02
부르키나파소,7,2012-11-02
세네갈,6,2012-11-02
소말리아,7,2012-11-02
수단,7,2012-11-02
스와질란드,6,2012-11-02
시에라리온,7,2012-11-02
앙골라,5,2012-11-02
에리트리아,7,2012-11-02
에티오피아,7,2012-11-02
우간다,6,2012-11-02
잠비아,6,2012-11-02
적도기니,7,2012-11-02
중앙아프리카공화국,7,2012-11-02
짐바브웨,7,2012-11-02
차드,7,2012-11-02
카메룬,6,2012-11-02
카포베르데,6,2012-11-02
케냐,6,2012-11-02
코트디부아르,7,2012-11-02
콩고,6,2012-11-02
콩고민주공화국,7,2012-11-02
탄자니아,6,2012-11-02
토고,7,2012-11-02
과테말라,5,2012-07-06
니카라과,7,2012-07-06
도미니카공화국,5,2012-07-06
멕시코,3,2012-07-06
바하마,3,2012-07-06
베네수엘라,7,2012-07-06
벨리즈,6,2012-07-06
볼리비아,6,2012-07-06
브라질,3,2012-07-06
아르헨티나,7,2012-07-06
아이티,7,2012-07-06
앤티가 바부다,6,2012-07-06
에콰도르,7,2012-07-06
엘살바도르,4,2012-07-06
온두라스,6,2012-07-06
우루과이,3,2012-07-06
자메이카,7,2012-07-06
칠레,2,2012-07-06
코스타리카,3,2012-07-06
콜롬비아,4,2012-07-06
쿠바,7,2012-07-06
트리니다드토바고,2,2012-07-06
파나마,3,2012-07-06
파라과이,5,2012-07-06
페루,3,2012-07-06
네팔,7,2012-04-06
대만,1,2012-04-06
라오스,7,2012-04-06
레바논,7,2012-04-06
말레이시아,2,2012-04-06
몰디브,7,2012-04-06
몽골,5,2012-04-06
미얀마,7,2012-04-06
바레인,4,2012-04-06
방글라데시,6,2012-04-06
베트남,5,2012-04-06
북한,7,2012-04-06
브루나이,2,2012-04-06
사우디아라비아,2,2012-04-06
스리랑카,6,2012-04-06
시리아,7,2012-04-06
싱가포르,1,2012-04-06
아랍에미리트 연합,3,2012-04-06
아프가니스탄,7,2012-04-06
예멘,7,2012-04-06
오만,2,2012-04-06
요르단,5,2012-04-06
이라크,7,2012-04-06
이란,7,2012-04-06
인도,3,2012-04-06
인도네시아,3,2012-04-06
중국,2,2012-04-06
카타르,2,2012-04-06
캄보디아,6,2012-04-06
쿠웨이트,2,2012-04-06
태국,3,2012-04-06
파키스탄,7,2012-04-06
파푸아뉴기니,5,2012-04-06
필리핀,4,2012-04-06
홍콩,1,2012-04-06
그루지아,6,2012-02-03
라트비아,4,2012-02-03
러시아,3,2012-02-03
루마니아,4,2012-02-03
리비아,7,2012-02-03
리투아니아,3,2012-02-03
마케도니아,5,2012-02-03
모로코,3,2012-02-03
몬테네그로,6,2012-02-03
몰도바,7,2012-02-03
벨라루스,7,2012-02-03
보스니아-헤르체코비나,7,2012-02-03
불가리아,4,2012-02-03
세르비아,6,2012-02-03
아르메니아,6,2012-02-03
아제르바이잔,5,2012-02-03
알바니아,6,2012-02-03
알제리,3,2012-02-03
우즈베키스탄,6,2012-02-03
우크라이나,7,2012-02-03
이집트,5,2012-02-03
카자흐스탄,5,2012-02-03
코소보,7,2012-02-03
크로아티아,5,2012-02-03
키르기즈스탄,7,2012-02-03
타지키스탄,7,2012-02-03
터키,4,2012-02-03
투르크메니스탄,6,2012-02-03
튀니지,3,2012-02-03
과달루프,3,2011-12-28
괌,3,2011-12-28
그린랜드,3,2011-12-28
나바사섬,7,2011-12-28
남조지아.남샌드위치군도,7,2011-12-28
노르웨이속령,7,2011-12-28
노포크 아일랜드,7,2011-12-28
뉴칼레도니아,3,2011-12-28
니우에,5,2011-12-28
레위니옹,4,2011-12-28
로스속령,7,2011-12-28
마요뜨,5,2011-12-28
말티니크,3,2011-12-28
맨섬,2,2011-12-28
멜리야,3,2011-12-28
몬트세라트,7,2011-12-28
미국령 버진군도,3,2011-12-28
미국령 사모아,5,2011-12-28
미드웨이섬,7,2011-12-28
버뮤다,3,2011-12-28
베이커홀랜드섬,7,2011-12-28
북마리아나 군도,3,2011-12-28
세우타,3,2011-12-28
세인트 피에르 미켈론,4,2011-12-28
세인트헬레나,5,2011-12-28
스발바드,7,2011-12-28
아쉬모아 카르티어 아일랜드,7,2011-12-28
알랜드아일랜드,3,2011-12-28
앵귈라,4,2011-12-28
영국남극속령,7,2011-12-28
영국령 버진군도,3,2011-12-28
영국령 인도양지역,7,2011-12-28
월리스푸투나제도,5,2011-12-28
웨이크아일랜드,7,2011-12-28
자비스섬,7,2011-12-28
잔메이엔,7,2011-12-28
존스톤 아일랜드,7,2011-12-28
지브랄타,3,2011-12-28
차넬군도(건지),3,2011-12-28
차넬군도(저지),2,2011-12-28
케이만군도,3,2011-12-28
코랄섬,7,2011-12-28
코코스 군도,7,2011-12-28
쿡아일랜드,4,2011-12-28
크리스마스섬,7,2011-12-28
킹맨리프,7,2011-12-28
터크스 카이코스군도,4,2011-12-28
토켈라우,3,2011-12-28
팔미라,7,2011-12-28
페로군도,3,2011-12-28
포클랜드군도,3,2011-12-28
푸에르토리코,2,2011-12-28
프랑스령 극남군도,3,2011-12-28
프랑스령 기아나,4,2011-12-28
프랑스령 폴리네시아,3,2011-12-28
피트케안군도,7,2011-12-28
호주남극속령,7,2011-12-28
가나,5,2011-10-28
가봉,5,2011-10-28
감비아,7,2011-10-28
기니,7,2011-10-28
기니비사우,7,2011-10-28
나미비아,3,2011-10-28
나이지리아,5,2011-10-28
남아프리카공화국,3,2011-10-28
니제르,7,2011-10-28
라이베리아,7,2011-10-28
레소토,5,2011-10-28
르완다,7,2011-10-28
마다가스카르,7,2011-10-28
말라위,7,2011-10-28
말리,6,2011-10-28
모리셔스,3,2011-10-28
모리타니아,7,2011-10-28
모잠비크,6,2011-10-28
베넹,6,2011-10-28
보츠와나,3,2011-10-28
부룬디,7,2011-10-28
부르키나파소,7,2011-10-28
세네갈,6,2011-10-28
소말리아,7,2011-10-28
수단,7,2011-10-28
스와질란드,6,2011-10-28
시에라리온,7,2011-10-28
앙골라,6,2011-10-28
에리트리아,7,2011-10-28
에티오피아,7,2011-10-28
우간다,6,2011-10-28
잠비아,6,2011-10-28
적도기니,7,2011-10-28
중앙아프리카공화국,7,2011-10-28
짐바브웨,7,2011-10-28
차드,7,2011-10-28
카메룬,6,2011-10-28
카포베르데,5,2011-10-28
케냐,6,2011-10-28
코트디부아르,7,2011-10-28
콩고,6,2011-10-28
콩고민주공화국,7,2011-10-28
탄자니아,6,2011-10-28
토고,7,2011-10-28
남수단,7,2011-07-11
과테말라,5,2011-07-06
니카라과,7,2011-07-06
도미니카공화국,5,2011-07-06
멕시코,3,2011-07-06
바하마,3,2011-07-06
베네수엘라,7,2011-07-06
벨리즈,6,2011-07-06
볼리비아,6,2011-07-06
브라질,3,2011-07-06
아르헨티나,7,2011-07-06
아이티,7,2011-07-06
앤티가 바부다,6,2011-07-06
에콰도르,7,2011-07-06
엘살바도르,4,2011-07-06
온두라스,6,2011-07-06
우루과이,3,2011-07-06
자메이카,6,2011-07-06
칠레,2,2011-07-06
코스타리카,3,2011-07-06
콜롬비아,4,2011-07-06
쿠바,7,2011-07-06
트리니다드토바고,2,2011-07-06
파나마,3,2011-07-06
파라과이,5,2011-07-06
페루,3,2011-07-06
네팔,7,2011-04-07
대만,1,2011-04-07
라오스,7,2011-04-07
레바논,7,2011-04-07
리비아,7,2011-04-07
말레이시아,2,2011-04-07
모로코,3,2011-04-07
몰디브,7,2011-04-07
몽골,5,2011-04-07
미얀마,7,2011-04-07
바레인,4,2011-04-07
방글라데시,6,2011-04-07
베트남,5,2011-04-07
북한,7,2011-04-07
브루나이,2,2011-04-07
사우디아라비아,2,2011-04-07
스리랑카,6,2011-04-07
시리아,7,2011-04-07
싱가포르,1,2011-04-07
아랍에미리트 연합,3,2011-04-07
아프가니스탄,7,2011-04-07
알제리,3,2011-04-07
예멘,7,2011-04-07
오만,2,2011-04-07
요르단,5,2011-04-07
이라크,7,2011-04-07
이란,6,2011-04-07
이집트,4,2011-04-07
인도,3,2011-04-07
인도네시아,4,2011-04-07
중국,2,2011-04-07
카타르,2,2011-04-07
캄보디아,6,2011-04-07
쿠웨이트,2,2011-04-07
태국,3,2011-04-07
튀니지,3,2011-04-07
파키스탄,7,2011-04-07
파푸아뉴기니,5,2011-04-07
필리핀,4,2011-04-07
홍콩,1,2011-04-07
그루지아,6,2011-02-09
라트비아,5,2011-02-09
러시아,3,2011-02-09
루마니아,4,2011-02-09
리투아니아,4,2011-02-09
마케도니아,5,2011-02-09
몬테네그로,6,2011-02-09
몰도바,7,2011-02-09
벨라루스,7,2011-02-09
보스니아-헤르체코비나,7,2011-02-09
불가리아,4,2011-02-09
세르비아,6,2011-02-09
아르메니아,6,2011-02-09
아제르바이잔,5,2011-02-09
알바니아,6,2011-02-09
에스토니아,1,2011-02-09
우즈베키스탄,6,2011-02-09
우크라이나,7,2011-02-09
카자흐스탄,5,2011-02-09
코소보,7,2011-02-09
크로아티아,5,2011-02-09
키르기즈스탄,7,2011-02-09
타지키스탄,7,2011-02-09
터키,4,2011-02-09
투르크메니스탄,6,2011-02-09
폴란드,2,2011-02-09
사모아,6,2010-12-25
지부티,7,2010-12-25
코모로,7,2010-12-25
피지,6,2010-12-25
그레나다,4,2010-12-24
나우루,5,2010-12-24
도미니카 연방,6,2010-12-24
동티모르,6,2010-12-24
리히텐슈타인,2,2010-12-24
마샬군도,5,2010-12-24
모나코,2,2010-12-24
미크로네시아,6,2010-12-24
바티칸,2,2010-12-24
산 마리노,2,2010-12-24
세인트 루시아,5,2010-12-24
안도라,2,2010-12-24
키리바시,6,2010-12-24
통가,6,2010-12-24
투발루,7,2010-12-24
팔라우,4,2010-12-24
팔레스타인,7,2010-12-24
가나,6,2010-10-29
가봉,5,2010-10-29
감비아,7,2010-10-29
그리스,1,2010-10-29
기니,7,2010-10-29
기니비사우,7,2010-10-29
나미비아,3,2010-10-29
나이지리아,5,2010-10-29
남아프리카공화국,3,2010-10-29
네덜란드,1,2010-10-29
노르웨이,1,2010-10-29
뉴질랜드,1,2010-10-29
니제르,7,2010-10-29
대한민국,1,2010-10-29
덴마크,1,2010-10-29
독일,1,2010-10-29
라이베리아,7,2010-10-29
레소토,5,2010-10-29
룩셈부르크,1,2010-10-29
르완다,7,2010-10-29
마다가스카르,6,2010-10-29
말라위,7,2010-10-29
말리,6,2010-10-29
모리셔스,3,2010-10-29
모리타니아,7,2010-10-29
모잠비크,6,2010-10-29
미국,1,2010-10-29
베넹,6,2010-10-29
벨기에,1,2010-10-29
보츠와나,3,2010-10-29
부룬디,7,2010-10-29
부르키나파소,7,2010-10-29
세네갈,6,2010-10-29
소말리아,7,2010-10-29
수단,7,2010-10-29
스와질란드,6,2010-10-29
스웨덴,1,2010-10-29
스위스,1,2010-10-29
스페인,1,2010-10-29
시에라리온,7,2010-10-29
아일랜드,1,2010-10-29
앙골라,6,2010-10-29
에리트리아,7,2010-10-29
에티오피아,7,2010-10-29
영국,1,2010-10-29
오스트리아,1,2010-10-29
우간다,6,2010-10-29
이스라엘,1,2010-10-29
이탈리아,1,2010-10-29
일본,1,2010-10-29
잠비아,6,2010-10-29
적도기니,7,2010-10-29
중앙아프리카공화국,7,2010-10-29
짐바브웨,7,2010-10-29
차드,7,2010-10-29
카메룬,6,2010-10-29
카포베르데,6,2010-10-29
캐나다,1,2010-10-29
케냐,6,2010-10-29
코트디부아르,7,2010-10-29
콩고,7,2010-10-29
콩고민주공화국,7,2010-10-29
탄자니아,6,2010-10-29
토고,7,2010-10-29
포르투갈,1,2010-10-29
프랑스,1,2010-10-29
핀란드,1,2010-10-29
호주,1,2010-10-29
과테말라,5,2010-07-09
네덜란드령 안틸레스,5,2010-07-09
니카라과,7,2010-07-09
도미니카공화국,5,2010-07-09
멕시코,3,2010-07-09
바하마,3,2010-07-09
베네수엘라,7,2010-07-09
벨리즈,6,2010-07-09
볼리비아,6,2010-07-09
브라질,3,2010-07-09
아르헨티나,7,2010-07-09
아이티,7,2010-07-09
앤티가 바부다,6,2010-07-09
에콰도르,7,2010-07-09
엘살바도르,4,2010-07-09
온두라스,6,2010-07-09
우루과이,4,2010-07-09
자메이카,6,2010-07-09
칠레,2,2010-07-09
코스타리카,3,2010-07-09
콜롬비아,4,2010-07-09
쿠바,7,2010-07-09
트리니다드토바고,2,2010-07-09
파나마,3,2010-07-09
파라과이,5,2010-07-09
페루,3,2010-07-09
네팔,7,2010-04-09
대만,1,2010-04-09
라오스,7,2010-04-09
레바논,7,2010-04-09
말레이시아,2,2010-04-09
몰디브,7,2010-04-09
몽골,6,2010-04-09
미얀마,7,2010-04-09
바레인,3,2010-04-09
방글라데시,6,2010-04-09
베트남,5,2010-04-09
북한,7,2010-04-09
브루나이,2,2010-04-09
사우디 아라비아,2,2010-04-09
스리랑카,6,2010-04-09
시리아,6,2010-04-09
싱가포르,1,2010-04-09
아랍 에미리트 연합,3,2010-04-09
아프가니스탄,7,2010-04-09
예멘,7,2010-04-09
오만,2,2010-04-09
요르단,5,2010-04-09
이라크,7,2010-04-09
이란,6,2010-04-09
인도,3,2010-04-09
인도네시아,4,2010-04-09
중국,2,2010-04-09
카타르,2,2010-04-09
캄보디아,6,2010-04-09
쿠웨이트,2,2010-04-09
태국,3,2010-04-09
파키스탄,7,2010-04-09
파푸아뉴기니,5,2010-04-09
필리핀,4,2010-04-09
홍콩,1,2010-04-09
그루지아,6,2010-02-05
라트비아,5,2010-02-05
러시아,4,2010-02-05
루마니아,4,2010-02-05
리비아,6,2010-02-05
리투아니아,4,2010-02-05
마케도니아,5,2010-02-05
모로코,3,2010-02-05
몬테네그로,6,2010-02-05
몰도바,7,2010-02-05
몰타,1,2010-02-05
벨라루스,7,2010-02-05
보스니아-헤르체코비나,7,2010-02-05
불가리아,4,2010-02-05
세르비아,6,2010-02-05
아르메니아,6,2010-02-05
아제르바이잔,5,2010-02-05
알바니아,6,2010-02-05
알제리,3,2010-02-05
에스토니아,4,2010-02-05
우즈베키스탄,6,2010-02-05
우크라이나,7,2010-02-05
이집트,4,2010-02-05
카자흐스탄,5,2010-02-05
크로아티아,5,2010-02-05
키르기즈스탄,7,2010-02-05
타지키스탄,7,2010-02-05
터키,4,2010-02-05
투르크메니스탄,6,2010-02-05
튀니지,3,2010-02-05
폴란드,2,2010-02-05
헝가리,1,2010-02-05
가이아나,7,2009-11-30
마카오,2,2009-11-30
바누아투,5,2009-11-30
바베이도스,3,2009-11-30
부탄,6,2009-11-30
상투메프린시페,7,2009-11-30
세이셸,7,2009-11-30
솔로몬제도,7,2009-11-30
수리남,6,2009-11-30
코소보,7,2009-11-30
세인트 빈센트 그레나딘,5,2009-11-17
세인트 키츠 네비스,7,2009-11-17
아루바,3,2009-11-17
허드섬,7,2009-11-17
가나,6,2009-10-30
가봉,6,2009-10-30
감비아,7,2009-10-30
기니,7,2009-10-30
기니비사우,7,2009-10-30
나미비아,3,2009-10-30
나이지리아,6,2009-10-30
남아프리카공화국,3,2009-10-30
니제르,7,2009-10-30
라이베리아,7,2009-10-30
러시아,4,2009-10-30
레소토,5,2009-10-30
르완다,7,2009-10-30
마다가스카르,6,2009-10-30
말라위,7,2009-10-30
말리,6,2009-10-30
모리셔스,3,2009-10-30
모리타니아,7,2009-10-30
모잠비크,6,2009-10-30
베넹,6,2009-10-30
보츠와나,3,2009-10-30
부룬디,7,2009-10-30
부르키나 파소,7,2009-10-30
세네갈,6,2009-10-30
소말리아,7,2009-10-30
수단,7,2009-10-30
스와질란드,6,2009-10-30
시에라리온,7,2009-10-30
앙골라,6,2009-10-30
에리트리아,7,2009-10-30
에티오피아,7,2009-10-30
우간다,6,2009-10-30
잠비아,6,2009-10-30
적도기니,7,2009-10-30
중앙아프리카공화국,7,2009-10-30
짐바브웨,7,2009-10-30
차드,7,2009-10-30
카메룬,6,2009-10-30
카자흐스탄,5,2009-10-30
카포베르데,5,2009-10-30
케냐,6,2009-10-30
코트디부아르,7,2009-10-30
콩고,7,2009-10-30
콩고민주공화국,7,2009-10-30
탄자니아,6,2009-10-30
토고,7,2009-10-30
과테말라,5,2009-07-10
네덜란드령 안틸레스,5,2009-07-10
니카라과,7,2009-07-10
도미니카공화국,5,2009-07-10
멕시코,3,2009-07-10
바하마,3,2009-07-10
베네수엘라,7,2009-07-10
벨리즈,6,2009-07-10
볼리비아,7,2009-07-10
브라질,3,2009-07-10
아르헨티나,7,2009-07-10
아이티,7,2009-07-10
앤티가바부다,6,2009-07-10
에콰도르,7,2009-07-10
엘살바도르,4,2009-07-10
온두라스,6,2009-07-10
우루과이,4,2009-07-10
자메이카,6,2009-07-10
칠레,2,2009-07-10
코스타리카,3,2009-07-10
콜롬비아,4,2009-07-10
쿠바,7,2009-07-10
트리니다드토바고,2,2009-07-10
파나마,3,2009-07-10
파라과이,5,2009-07-10
페루,3,2009-07-10
네팔,7,2009-04-10
대만,1,2009-04-10
라오스,7,2009-04-10
레바논,7,2009-04-10
루마니아,4,2009-04-10
말레이시아,2,2009-04-10
몰디브,7,2009-04-10
몽골,6,2009-04-10
미얀마,7,2009-04-10
바레인,2,2009-04-10
방글라데시,6,2009-04-10
베트남,5,2009-04-10
북한,7,2009-04-10
브루나이,2,2009-04-10
사우디 아라비아,2,2009-04-10
스리랑카,6,2009-04-10
시리아,6,2009-04-10
싱가포르,1,2009-04-10
아랍 에미레이트 연합,2,2009-04-10
아프가니스탄,7,2009-04-10
예멘,6,2009-04-10
오만,2,2009-04-10
요르단,5,2009-04-10
우크라이나,7,2009-04-10
이라크,7,2009-04-10
이란,6,2009-04-10
이스라엘,3,2009-04-10
인도,3,2009-04-10
인도네시아,5,2009-04-10
중국,2,2009-04-10
카타르,2,2009-04-10
캄보디아,6,2009-04-10
쿠웨이트,2,2009-04-10
태국,3,2009-04-10
파키스탄,7,2009-04-10
파푸아뉴기니,5,2009-04-10
필리핀,4,2009-04-10
홍콩,1,2009-04-10
그루지아,6,2009-02-06
라트비아,4,2009-02-06
리비아,6,2009-02-06
리투아니아,3,2009-02-06
마케도니아,5,2009-02-06
모로코,3,2009-02-06
몬테네그로,6,2009-02-06
몰도바,7,2009-02-06
벨라루스,7,2009-02-06
보스니아-헤르체코비나,7,2009-02-06
불가리아,4,2009-02-06
세르비아,7,2009-02-06
슬로바키아,1,2009-02-06
아르메니아,6,2009-02-06
아제르바이잔,5,2009-02-06
알바니아,6,2009-02-06
알제리,3,2009-02-06
에스토니아,3,2009-02-06
우즈베키스탄,6,2009-02-06
이집트,4,2009-02-06
크로아티아,5,2009-02-06
키르기즈스탄,7,2009-02-06
타지키스탄,7,2009-02-06
터키,4,2009-02-06
투르크메니스탄,6,2009-02-06
튀니지,3,2009-02-06
폴란드,2,2009-02-06
헝가리,4,2009-02-06
루마니아,3,2008-11-27
리투아니아,3,2008-11-27
아이슬랜드,2,2008-11-27
우크라이나,6,2008-11-27
터키,5,2008-11-27
파키스탄,7,2008-11-27
가나,6,2008-11-01
가봉,6,2008-11-01
감비아,7,2008-11-01
기니,7,2008-11-01
기니비사우,7,2008-11-01
나미비아,3,2008-11-01
나이지리아,6,2008-11-01
남아프리카공화국,3,2008-11-01
니제르,7,2008-11-01
라이베리아,7,2008-11-01
레소토,5,2008-11-01
르완다,7,2008-11-01
마다가스카르,6,2008-11-01
말라위,7,2008-11-01
말리,6,2008-11-01
모리셔스,3,2008-11-01
모리타니아,7,2008-11-01
모잠비크,6,2008-11-01
베냉,6,2008-11-01
보츠와나,2,2008-11-01
부룬디,7,2008-11-01
부르키나파소,7,2008-11-01
세네갈,6,2008-11-01
소말리아,7,2008-11-01
수단,7,2008-11-01
스와질랜드,6,2008-11-01
시에라리온,7,2008-11-01
앙골라,6,2008-11-01
에리트리아,7,2008-11-01
에티오피아,7,2008-11-01
우간다,6,2008-11-01
잠비아,6,2008-11-01
적도 기니,7,2008-11-01
중앙아프리카공화국,7,2008-11-01
짐바브웨,7,2008-11-01
차드,7,2008-11-01
카메룬,6,2008-11-01
카포베르데,5,2008-11-01
케냐,6,2008-11-01
코트디부아르,7,2008-11-01
콩고,7,2008-11-01
콩고민주공화국(구자이레),7,2008-11-01
탄자니아,6,2008-11-01
토고,7,2008-11-01
바베이도스,3,2008-10-17
과테말라,5,2008-06-28
네덜란드령 안틸레스,5,2008-06-28
니카라과,7,2008-06-28
도미니카공화국,5,2008-06-28
멕시코,2,2008-06-28
바하마,3,2008-06-28
베네수엘라,6,2008-06-28
벨리즈,6,2008-06-28
볼리비아,7,2008-06-28
브라질,3,2008-06-28
아르헨티나,7,2008-06-28
아이티,7,2008-06-28
앤티가바부다,6,2008-06-28
에콰도르,7,2008-06-28
엘살바도르,4,2008-06-28
온두라스,6,2008-06-28
우루과이,4,2008-06-28
자메이카,6,2008-06-28
칠레,2,2008-06-28
코스타리카,3,2008-06-28
콜롬비아,4,2008-06-28
쿠바,7,2008-06-28
트리니다드토바고,2,2008-06-28
파나마,3,2008-06-28
파라과이,5,2008-06-28
페루,3,2008-06-28
네팔,7,2008-04-25
대만,1,2008-04-25
라오스,7,2008-04-25
말레이시아,2,2008-04-25
몰디브,6,2008-04-25
몽골,6,2008-04-25
미얀마,7,2008-04-25
방글라데시,6,2008-04-25
베트남,4,2008-04-25
북한,7,2008-04-25
브루나이,2,2008-04-25
스리랑카,6,2008-04-25
싱가포르,1,2008-04-25
아프가니스탄,7,2008-04-25
인도,3,2008-04-25
인도네시아,5,2008-04-25
중국,2,2008-04-25
캄보디아,6,2008-04-25
태국,3,2008-04-25
파푸아뉴기니,5,2008-04-25
필리핀,4,2008-04-25
홍콩,1,2008-04-25
그루지아,6,2008-02-15
라트비아,3,2008-02-15
러시아,3,2008-02-15
마케도니아,5,2008-02-15
몬테네그로 ,6,2008-02-15
몰도바,7,2008-02-15
벨라루스,7,2008-02-15
보스니아-헤르체코비나,7,2008-02-15
불가리아,3,2008-02-15
사이프러스,1,2008-02-15
세르비아,7,2008-02-15
슬로바키아,1,2008-02-15
슬로베니아,1,2008-02-15
시리아,7,2008-02-15
아르메니아,6,2008-02-15
아제르바이잔,5,2008-02-15
알바니아,6,2008-02-15
에스토니아,2,2008-02-15
우즈베키스탄,6,2008-02-15
체코,1,2008-02-15
카자흐스탄,4,2008-02-15
크로아티아,4,2008-02-15
키르기즈스탄,7,2008-02-15
타지키스탄,7,2008-02-15
투르크메니스탄,6,2008-02-15
폴란드,2,2008-02-15
헝가리,3,2008-02-15
가나,6,2007-11-03
감비아,7,2007-11-03
기니,7,2007-11-03
기니비사우,7,2007-11-03
나이지리아,6,2007-11-03
니제르,7,2007-11-03
라이베리아,7,2007-11-03
레바논,7,2007-11-03
리비아,6,2007-11-03
말리,6,2007-11-03
모로코,3,2007-11-03
모리타니아,7,2007-11-03
바레인,2,2007-11-03
베냉,6,2007-11-03
부르키나파소,7,2007-11-03
사우디 아라비아,2,2007-11-03
세네갈,6,2007-11-03
소말리아,7,2007-11-03
수단,7,2007-11-03
시리아,7,2007-11-03
시에라리온,7,2007-11-03
아랍 에미레이트 연합,2,2007-11-03
알제리,3,2007-11-03
에리트리아,7,2007-11-03
에티오피아,7,2007-11-03
예멘,6,2007-11-03
오만,2,2007-11-03
요르단,5,2007-11-03
이라크,7,2007-11-03
이란,6,2007-11-03
이스라엘,3,2007-11-03
이집트,4,2007-11-03
카타르,2,2007-11-03
카포베르데,6,2007-11-03
코트디부아르,7,2007-11-03
쿠웨이트,2,2007-11-03
토고,7,2007-11-03
튀니지,3,2007-11-03
과달루프,3,2007-10-09
괌,3,2007-10-09
그레나다,5,2007-10-09
그린랜드,3,2007-10-09
나바사섬,7,2007-10-09
나우루,5,2007-10-09
남조지아.남샌드위치군도,7,2007-10-09
노르웨이속령,7,2007-10-09
노르포크 아일랜드,7,2007-10-09
뉴 칼레도니아,3,2007-10-09
니우에,5,2007-10-09
도미니카 연방,5,2007-10-09
동티모르,7,2007-10-09
로스속령,7,2007-10-09
리유니온,4,2007-10-09
리히텐쉬타인,2,2007-10-09
마요티,5,2007-10-09
말티니크,3,2007-10-09
맨아일,2,2007-10-09
멜리야,3,2007-10-09
모나코,2,2007-10-09
몬테네그로 ,7,2007-10-09
몬트세라트,7,2007-10-09
미국령 버진군도,3,2007-10-09
미국령 사모아,5,2007-10-09
미드웨이섬,7,2007-10-09
미크로네시아,5,2007-10-09
바티칸,2,2007-10-09
버뮤다,3,2007-10-09
베이커홀랜드섬,7,2007-10-09
북마리아나 군도(사이판),3,2007-10-09
산마리노,2,2007-10-09
세우타,3,2007-10-09
세인트 루시아,5,2007-10-09
세인트 피에르도 미퀘론도,4,2007-10-09
세인트 헬레나,5,2007-10-09
스발바드,7,2007-10-09
아쉬모아 카르티어 아일랜드,7,2007-10-09
안길라,4,2007-10-09
안도라,2,2007-10-09
알랜드아일랜드,2,2007-10-09
영국남극속령,7,2007-10-09
영국령 버진군도,3,2007-10-09
영국령 인도양지역,7,2007-10-09
월리스푸트나군도,5,2007-10-09
웨이크아일랜드　,7,2007-10-09
자비스섬,7,2007-10-09
잔메이엔,7,2007-10-09
존스톤 아일랜드,7,2007-10-09
지브롤터,3,2007-10-09
챠넬아일랜드(GUERNSEY),2,2007-10-09
챠넬아일랜드(JERSEY),2,2007-10-09
케이만군도,3,2007-10-09
코랄섬,7,2007-10-09
코모로,7,2007-10-09
코코스 아일랜드,7,2007-10-09
쿡아일랜드,4,2007-10-09
크리스마스 아일랜드,7,2007-10-09
키리바시,6,2007-10-09
킹맨리프,7,2007-10-09
터크스 카이코스군도,4,2007-10-09
토켈라우군도,3,2007-10-09
통가왕국,7,2007-10-09
투발루,7,2007-10-09
팔라우,4,2007-10-09
팔레스타인,7,2007-10-09
팔미라,7,2007-10-09
패로아일랜드,3,2007-10-09
포클랜드(말비나스)군도,3,2007-10-09
푸에르토 리코,2,2007-10-09
프랑스령 가이아나,4,2007-10-09
프랑스령 극남군도,3,2007-10-09
프랑스령 폴리네시아,3,2007-10-09
피트케안군도,7,2007-10-09
호주남극속령,7,2007-10-09
가봉,6,2007-07-06
과테말라,5,2007-07-06
네덜란드령 안틸레스,5,2007-07-06
니카라과,7,2007-07-06
도미니카공화국,5,2007-07-06
르완다,7,2007-07-06
멕시코,2,2007-07-06
바하마,3,2007-07-06
베네수엘라,6,2007-07-06
벨리즈,7,2007-07-06
볼리비아,7,2007-07-06
부룬디,7,2007-07-06
브라질,3,2007-07-06
아르헨티나,7,2007-07-06
아이티,7,2007-07-06
앤티가바부다,6,2007-07-06
에콰도르,7,2007-07-06
엘살바도르,4,2007-07-06
온두라스,6,2007-07-06
우간다,6,2007-07-06
우루과이,4,2007-07-06
자메이카,6,2007-07-06
적도 기니,7,2007-07-06
중앙아프리카공화국,7,2007-07-06
차드,7,2007-07-06
칠레,2,2007-07-06
카메룬,7,2007-07-06
케냐,6,2007-07-06
코스타리카,3,2007-07-06
콜롬비아,4,2007-07-06
콩고(구 자이레),7,2007-07-06
"콩고,브라자빌",7,2007-07-06
쿠바,7,2007-07-06
탄자니아,6,2007-07-06
트리니다드토바고,2,2007-07-06
파나마,3,2007-07-06
파라과이,6,2007-07-06
페루,4,2007-07-06
나미비아,3,2007-04-06
남아프리카공화국,3,2007-04-06
네팔,7,2007-04-06
대만,1,2007-04-06
라오스,7,2007-04-06
레소토,6,2007-04-06
마다가스카르,7,2007-04-06
말라위,7,2007-04-06
말레이시아,2,2007-04-06
모리셔스,3,2007-04-06
모잠비크,6,2007-04-06
몰디브,5,2007-04-06
몽골,7,2007-04-06
미얀마,7,2007-04-06
방글라데시,6,2007-04-06
베트남,4,2007-04-06
보츠와나,2,2007-04-06
북한,7,2007-04-06
브루나이,2,2007-04-06
스리랑카,5,2007-04-06
스와질랜드,6,2007-04-06
싱가포르,1,2007-04-06
아프가니스탄,7,2007-04-06
앙골라,7,2007-04-06
인도,3,2007-04-06
인도네시아,5,2007-04-06
잠비아,6,2007-04-06
중국,2,2007-04-06
짐바브웨,7,2007-04-06
캄보디아,7,2007-04-06
태국,3,2007-04-06
파키스탄,6,2007-04-06
파푸아뉴기니,5,2007-04-06
필리핀,5,2007-04-06
홍콩,1,2007-04-06
그루지아,6,2007-02-02
라트비아,3,2007-02-02
러시아,3,2007-02-02
루마니아,3,2007-02-02
리투아니아,2,2007-02-02
마케도니아,5,2007-02-02
몰도바,7,2007-02-02
몰타,2,2007-02-02
벨라루스,7,2007-02-02
보스니아-헤르체코비나,7,2007-02-02
불가리아,3,2007-02-02
사이프러스,2,2007-02-02
세르비아-몬테네그로,7,2007-02-02
슬로바키아,1,2007-02-02
슬로베니아,1,2007-02-02
아르메니아,6,2007-02-02
아제르바이잔,5,2007-02-02
알바니아,6,2007-02-02
에스토니아,2,2007-02-02
우즈베키스탄,7,2007-02-02
우크라이나,5,2007-02-02
체코,1,2007-02-02
카자흐스탄,4,2007-02-02
크로아티아,4,2007-02-02
키르기즈스탄,7,2007-02-02
타지키스탄,7,2007-02-02
터키,5,2007-02-02
투르크메니스탄,7,2007-02-02
폴란드,2,2007-02-02
헝가리,3,2007-02-02
마샬군도,6,2006-12-13
사모아,5,2006-12-13
스와질랜드,6,2006-12-13
지부티,7,2006-12-13
피지,6,2006-12-13
가나,6,2006-10-30
감비아,7,2006-10-30
기니,7,2006-10-30
기니비사우,7,2006-10-30
나이지리아,7,2006-10-30
니제르,7,2006-10-30
라이베리아,7,2006-10-30
레바논,7,2006-10-30
리비아,6,2006-10-30
말리,6,2006-10-30
모로코,3,2006-10-30
모리타니아,7,2006-10-30
바레인,2,2006-10-30
베냉,7,2006-10-30
부르키나파소,7,2006-10-30
사우디 아라비아,2,2006-10-30
세네갈,6,2006-10-30
소말리아,7,2006-10-30
수단,7,2006-10-30
시리아,7,2006-10-30
시에라리온,7,2006-10-30
아랍 에미레이트,2,2006-10-30
알제리,3,2006-10-30
에티오피아,7,2006-10-30
예멘,6,2006-10-30
오만,2,2006-10-30
요르단,5,2006-10-30
이라크,7,2006-10-30
이란,5,2006-10-30
이스라엘,3,2006-10-30
이집트,4,2006-10-30
카타르,2,2006-10-30
카포베르데,6,2006-10-30
코트디부아르,7,2006-10-30
쿠웨이트,2,2006-10-30
토고,7,2006-10-30
튀니지,3,2006-10-30
가봉,6,2006-07-07
가이아나,7,2006-07-07
과테말라,5,2006-07-07
네덜란드령 안틸레스,5,2006-07-07
니카라과,7,2006-07-07
도미니카공화국,5,2006-07-07
르완다,7,2006-07-07
멕시코,2,2006-07-07
바누아투,5,2006-07-07
바하마,3,2006-07-07
베네수엘라,6,2006-07-07
벨리즈,7,2006-07-07
볼리비아,7,2006-07-07
부탄,6,2006-07-07
브라질,4,2006-07-07
상투메프린시페,7,2006-07-07
세이셸,7,2006-07-07
세인트 빈센트 그레나딘,5,2006-07-07
세인트 킷츠 네비스,7,2006-07-07
수리남,7,2006-07-07
아루바,4,2006-07-07
아르헨티나,7,2006-07-07
아이티,7,2006-07-07
아제르바이잔,5,2006-07-07
앤티가바부다,7,2006-07-07
에콰도르,7,2006-07-07
엘살바도르,4,2006-07-07
온두라스,7,2006-07-07
우간다,7,2006-07-07
우루과이,5,2006-07-07
자메이카,6,2006-07-07
적도 기니,7,2006-07-07
중앙아프리카공화국,7,2006-07-07
차드,7,2006-07-07
칠레,2,2006-07-07
카메룬,7,2006-07-07
캄보디아,7,2006-07-07
케냐,6,2006-07-07
코스타리카,3,2006-07-07
콜롬비아,4,2006-07-07
콩고(구 자이레),7,2006-07-07
"콩고,브라자빌",7,2006-07-07
쿠바,7,2006-07-07
탄자니아,6,2006-07-07
트리니다드토바고,2,2006-07-07
파나마,4,2006-07-07
파라과이,6,2006-07-07
페루,4,2006-07-07
나미비아,3,2006-04-28
남아프리카공화국,3,2006-04-28
네팔,7,2006-04-28
대만,1,2006-04-28
라오스,7,2006-04-28
레소토,6,2006-04-28
마다가스카르,7,2006-04-28
마카오,2,2006-04-28
말라위,7,2006-04-28
말레이시아,2,2006-04-28
모리셔스,3,2006-04-28
모잠비크,7,2006-04-28
몰디브,5,2006-04-28
몽골,7,2006-04-28
미얀마,7,2006-04-28
방글라데시,6,2006-04-28
베트남,5,2006-04-28
보츠와나,2,2006-04-28
북한,7,2006-04-28
브루나이,2,2006-04-28
스리랑카,5,2006-04-28
싱가포르,1,2006-04-28
앙골라,7,2006-04-28
인도,3,2006-04-28
인도네시아,5,2006-04-28
잠비아,7,2006-04-28
중국,2,2006-04-28
짐바브웨,7,2006-04-28
태국,3,2006-04-28
파키스탄,6,2006-04-28
파푸아뉴기니,5,2006-04-28
필리핀,5,2006-04-28
홍콩,2,2006-04-28
그루지아,7,2006-02-07
라트비아,2,2006-02-07
러시아,4,2006-02-07
루마니아,4,2006-02-07
리투아니아,2,2006-02-07
마케도니아,6,2006-02-07
몰도바,7,2006-02-07
몰타,2,2006-02-07
벨라루스,7,2006-02-07
보스니아-헤르체코비나,7,2006-02-07
불가리아,4,2006-02-07
사이프러스,2,2006-02-07
세르비아-몬테네그로,7,2006-02-07
슬로바키아,1,2006-02-07
슬로베니아,1,2006-02-07
아르메니아,6,2006-02-07
알바니아,6,2006-02-07
에스토니아,2,2006-02-07
우즈베키스탄,7,2006-02-07
우크라이나,6,2006-02-07
체코,1,2006-02-07
카자흐스탄,4,2006-02-07
크로아티아,4,2006-02-07
키르기즈스탄,7,2006-02-07
타지키스탄,7,2006-02-07
터키,5,2006-02-07
투르크메니스탄,7,2006-02-07
폴란드,2,2006-02-07
헝가리,2,2006-02-07
